match_id,date,winner,by,teams,venue,toss_winner,toss_decision,1st innings team,1st innings score,2nd innings team,2nd innings score,Fours_1,Fours_2,Sixes_1,Sixes_2
598067,2013-05-19,Pune Warriors,38 runs,Delhi Daredevils vs Pune Warriors,Subrata Roy Sahara Stadium,Pune Warriors,bat,Pune Warriors,172-5,Delhi Daredevils,134-9,14,12,8,2
829725,2015-04-15,Delhi Daredevils,5 wickets,Delhi Daredevils vs Kings XI Punjab,Maharashtra Cricket Association Stadium Pune,Kings XI Punjab,bat,Kings XI Punjab,165-7,Delhi Daredevils,169-5,7,17,10,5
501255,2011-05-14,Royal Challengers Bangalore,4 wickets,Kolkata Knight Riders vs Royal Challengers Bangalore,M Chinnaswamy Stadium Bengaluru,Royal Challengers Bangalore,field,Kolkata Knight Riders,89-4,Royal Challengers Bangalore,105-6,7,13,3,2
1082637,2017-05-07,Gujarat Lions,6 wickets,Gujarat Lions vs Kings XI Punjab,Punjab Cricket Association IS Bindra Stadium Mohali Chandigarh,Gujarat Lions,field,Kings XI Punjab,189-3,Gujarat Lions,192-4,14,17,7,6
419157,2010-04-17,Mumbai Indians,57 runs,Mumbai Indians vs Royal Challengers Bangalore,M Chinnaswamy Stadium Bengaluru,Royal Challengers Bangalore,field,Mumbai Indians,191-4,Royal Challengers Bangalore,134-9,14,10,10,3
980943,2016-04-26,Rising Pune Supergiants,34 runs,Rising Pune Supergiants vs Sunrisers Hyderabad,Rajiv Gandhi International Stadium Uppal Hyderabad,Rising Pune Supergiants,field,Sunrisers Hyderabad,118-8,Rising Pune Supergiants,94-3,6,11,3,2
1216507,2020-10-11,Rajasthan Royals,5 wickets,Rajasthan Royals vs Sunrisers Hyderabad,Dubai International Cricket Stadium,Sunrisers Hyderabad,bat,Sunrisers Hyderabad,158-4,Rajasthan Royals,163-5,6,12,9,6
548328,2012-04-18,Kolkata Knight Riders,8 wickets,Kings XI Punjab vs Kolkata Knight Riders,Punjab Cricket Association IS Bindra Stadium Mohali Chandigarh,Kings XI Punjab,bat,Kings XI Punjab,124-7,Kolkata Knight Riders,127-2,9,12,1,3
598030,2013-04-25,Chennai Super Kings,5 wickets,Chennai Super Kings vs Sunrisers Hyderabad,MA Chidambaram Stadium Chepauk Chennai,Sunrisers Hyderabad,bat,Sunrisers Hyderabad,159-6,Chennai Super Kings,160-5,17,15,4,6
501202,2011-04-10,Pune Warriors,7 wickets,Kings XI Punjab vs Pune Warriors,Dr DY Patil Sports Academy Mumbai,Kings XI Punjab,bat,Kings XI Punjab,112-8,Pune Warriors,113-3,12,14,1,4
1178422,2019-04-28,Kolkata Knight Riders,34 runs,Kolkata Knight Riders vs Mumbai Indians,Eden Gardens,Mumbai Indians,field,Kolkata Knight Riders,232-2,Mumbai Indians,198-7,21,14,15,14
335984,2008-04-19,Delhi Daredevils,9 wickets,Delhi Daredevils vs Rajasthan Royals,Arun Jaitley Stadium Delhi,Rajasthan Royals,bat,Rajasthan Royals,129-8,Delhi Daredevils,132-1,14,18,3,1
1304064,2022-04-09,Royal Challengers Bangalore,7 wickets,Mumbai Indians vs Royal Challengers Bangalore,Maharashtra Cricket Association Stadium Pune,Royal Challengers Bangalore,field,Mumbai Indians,151-6,Royal Challengers Bangalore,152-3,14,10,7,7
734017,2014-05-19,Mumbai Indians,25 runs,Mumbai Indians vs Rajasthan Royals,Sardar Patel Stadium Motera,Mumbai Indians,bat,Mumbai Indians,178-3,Rajasthan Royals,153-8,12,7,9,8
598026,2013-04-22,Chennai Super Kings,5 wickets,Chennai Super Kings vs Rajasthan Royals,MA Chidambaram Stadium Chepauk Chennai,Rajasthan Royals,bat,Rajasthan Royals,185-4,Chennai Super Kings,186-5,12,18,7,4
1216511,2020-10-06,Mumbai Indians,57 runs,Mumbai Indians vs Rajasthan Royals,Sheikh Zayed Stadium,Mumbai Indians,bat,Mumbai Indians,193-4,Rajasthan Royals,136-10,18,11,8,6
501214,2011-04-17,Kolkata Knight Riders,8 wickets,Kolkata Knight Riders vs Rajasthan Royals,Eden Gardens,Kolkata Knight Riders,field,Rajasthan Royals,81-10,Kolkata Knight Riders,85-2,6,7,1,1
419116,2010-03-19,Chennai Super Kings,5 wickets,Chennai Super Kings vs Delhi Daredevils,Arun Jaitley Stadium Delhi,Delhi Daredevils,bat,Delhi Daredevils,185-6,Chennai Super Kings,190-5,21,17,5,11
1181768,2019-05-12,Mumbai Indians,1 runs,Chennai Super Kings vs Mumbai Indians,Rajiv Gandhi International Stadium Uppal Hyderabad,Mumbai Indians,bat,Mumbai Indians,149-8,Chennai Super Kings,148-7,9,11,9,6
335992,2008-04-26,Rajasthan Royals,7 wickets,Rajasthan Royals vs Royal Challengers Bangalore,M Chinnaswamy Stadium Bengaluru,Rajasthan Royals,field,Royal Challengers Bangalore,135-8,Rajasthan Royals,138-3,12,22,7,2
1304072,2022-04-16,Lucknow Super Giants,18 runs,Lucknow Super Giants vs Mumbai Indians,Brabourne Stadium Mumbai,Mumbai Indians,field,Lucknow Super Giants,199-4,Mumbai Indians,181-9,20,18,8,5
734001,2014-05-12,Mumbai Indians,7 wickets,Mumbai Indians vs Sunrisers Hyderabad,Rajiv Gandhi International Stadium Uppal Hyderabad,Sunrisers Hyderabad,bat,Sunrisers Hyderabad,157-3,Mumbai Indians,160-3,16,15,5,6
829733,2015-04-18,Kolkata Knight Riders,4 wickets,Kings XI Punjab vs Kolkata Knight Riders,Maharashtra Cricket Association Stadium Pune,Kolkata Knight Riders,field,Kings XI Punjab,155-9,Kolkata Knight Riders,159-6,10,21,7,4
1216546,2020-10-20,Kings XI Punjab,5 wickets,Delhi Capitals vs Kings XI Punjab,Dubai International Cricket Stadium,Delhi Capitals,bat,Delhi Capitals,164-5,Kings XI Punjab,167-5,14,14,5,7
548369,2012-05-15,Delhi Daredevils,5 wickets,Delhi Daredevils vs Kings XI Punjab,Arun Jaitley Stadium Delhi,Kings XI Punjab,bat,Kings XI Punjab,136-8,Delhi Daredevils,140-5,19,18,1,3
598071,2013-05-22,Rajasthan Royals,4 wickets,Rajasthan Royals vs Sunrisers Hyderabad,Arun Jaitley Stadium Delhi,Sunrisers Hyderabad,bat,Sunrisers Hyderabad,132-7,Rajasthan Royals,135-6,11,12,4,6
419141,2010-04-05,Rajasthan Royals,2 runs,Deccan Chargers vs Rajasthan Royals,Vidarbha Cricket Association Stadium Jamtha,Rajasthan Royals,bat,Rajasthan Royals,159-10,Deccan Chargers,157-10,14,15,4,5
1082621,2017-04-27,Gujarat Lions,7 wickets,Gujarat Lions vs Royal Challengers Bangalore,M Chinnaswamy Stadium Bengaluru,Gujarat Lions,field,Royal Challengers Bangalore,134-10,Gujarat Lions,135-3,9,13,4,7
336039,2008-05-31,Chennai Super Kings,9 wickets,Chennai Super Kings vs Kings XI Punjab,Wankhede Stadium Mumbai,Kings XI Punjab,bat,Kings XI Punjab,112-8,Chennai Super Kings,116-1,11,13,2,4
501243,2011-05-05,Delhi Daredevils,4 wickets,Deccan Chargers vs Delhi Daredevils,Rajiv Gandhi International Stadium Uppal Hyderabad,Delhi Daredevils,field,Deccan Chargers,175-5,Delhi Daredevils,179-6,18,17,4,7
1254109,2021-10-03,Kolkata Knight Riders,6 wickets,Kolkata Knight Riders vs Sunrisers Hyderabad,Dubai International Cricket Stadium,Sunrisers Hyderabad,bat,Sunrisers Hyderabad,115-8,Kolkata Knight Riders,119-4,8,17,4,0
980955,2016-05-01,Kings XI Punjab,23 runs,Gujarat Lions vs Kings XI Punjab,Saurashtra Cricket Association Stadium,Gujarat Lions,field,Kings XI Punjab,154-10,Gujarat Lions,131-9,15,11,1,2
1136561,2018-04-07,Chennai Super Kings,1 wickets,Chennai Super Kings vs Mumbai Indians,Wankhede Stadium Mumbai,Chennai Super Kings,field,Mumbai Indians,165-4,Chennai Super Kings,169-9,18,11,5,10
501238,2011-05-02,Kochi Tuskers Kerala,7 wickets,Delhi Daredevils vs Kochi Tuskers Kerala,Arun Jaitley Stadium Delhi,Kochi Tuskers Kerala,field,Delhi Daredevils,140-6,Kochi Tuskers Kerala,141-3,16,17,2,3
548312,2012-04-08,Rajasthan Royals,22 runs,Kolkata Knight Riders vs Rajasthan Royals,Sawai Mansingh Stadium Jaipur,Kolkata Knight Riders,field,Rajasthan Royals,164-5,Kolkata Knight Riders,142-10,13,10,6,5
1216497,2020-10-24,Kolkata Knight Riders,59 runs,Delhi Capitals vs Kolkata Knight Riders,Sheikh Zayed Stadium,Delhi Capitals,field,Kolkata Knight Riders,194-6,Delhi Capitals,135-9,24,11,6,3
1178418,2019-04-25,Rajasthan Royals,3 wickets,Kolkata Knight Riders vs Rajasthan Royals,Eden Gardens,Rajasthan Royals,field,Kolkata Knight Riders,175-6,Rajasthan Royals,177-7,14,18,11,8
336015,2008-05-11,Rajasthan Royals,3 wickets,Delhi Daredevils vs Rajasthan Royals,Sawai Mansingh Stadium Jaipur,Rajasthan Royals,field,Delhi Daredevils,156-7,Rajasthan Royals,159-7,10,13,5,6
548345,2012-04-29,Delhi Daredevils,1 runs,Delhi Daredevils vs Rajasthan Royals,Arun Jaitley Stadium Delhi,Delhi Daredevils,bat,Delhi Daredevils,152-6,Rajasthan Royals,151-3,13,17,5,1
392220,2009-05-11,Deccan Chargers,53 runs,Deccan Chargers vs Rajasthan Royals,De Beers Diamond Oval,Deccan Chargers,bat,Deccan Chargers,166-7,Rajasthan Royals,113-10,8,10,8,1
1254060,2021-04-11,Kolkata Knight Riders,10 runs,Kolkata Knight Riders vs Sunrisers Hyderabad,MA Chidambaram Stadium Chepauk Chennai,Sunrisers Hyderabad,field,Kolkata Knight Riders,187-6,Sunrisers Hyderabad,177-5,18,9,8,10
1359530,2023-05-11,Rajasthan Royals,9 wickets,Kolkata Knight Riders vs Rajasthan Royals,Eden Gardens Kolkata,Rajasthan Royals,field,Kolkata Knight Riders,149-8,Rajasthan Royals,151-1,8,15,8,10
980979,2016-05-10,Sunrisers Hyderabad,4 runs,Rising Pune Supergiants vs Sunrisers Hyderabad,Dr. Y.S. Rajasekhara Reddy ACA-VDCA Cricket Stadium,Sunrisers Hyderabad,bat,Sunrisers Hyderabad,137-8,Rising Pune Supergiants,133-8,8,10,7,4
1359475,2023-03-31,Gujarat Titans,5 wickets,Chennai Super Kings vs Gujarat Titans,Narendra Modi Stadium Ahmedabad,Gujarat Titans,field,Chennai Super Kings,178-7,Gujarat Titans,182-5,10,15,13,8
336003,2008-05-03,Kings XI Punjab,9 runs,Kings XI Punjab vs Kolkata Knight Riders,Punjab Cricket Association IS Bindra Stadium Mohali Chandigarh,Kings XI Punjab,bat,Kings XI Punjab,178-6,Kolkata Knight Riders,169-6,22,9,4,9
829709,2015-04-10,Rajasthan Royals,26 runs,Kings XI Punjab vs Rajasthan Royals,Maharashtra Cricket Association Stadium Pune,Kings XI Punjab,field,Rajasthan Royals,162-7,Kings XI Punjab,136-8,10,14,7,3
548353,2012-05-05,Kolkata Knight Riders,7 runs,Kolkata Knight Riders vs Pune Warriors,Eden Gardens,Kolkata Knight Riders,bat,Kolkata Knight Riders,150-5,Pune Warriors,143-8,9,11,4,4
1359526,2023-05-07,Sunrisers Hyderabad,4 wickets,Rajasthan Royals vs Sunrisers Hyderabad,Sawai Mansingh Stadium Jaipur,Rajasthan Royals,bat,Rajasthan Royals,214-2,Sunrisers Hyderabad,217-6,19,15,11,13
1254076,2021-04-25,Chennai Super Kings,69 runs,Chennai Super Kings vs Royal Challengers Bangalore,Wankhede Stadium Mumbai,Chennai Super Kings,bat,Chennai Super Kings,191-4,Royal Challengers Bangalore,122-9,15,10,11,4
392236,2009-05-21,Royal Challengers Bangalore,12 runs,Deccan Chargers vs Royal Challengers Bangalore,SuperSport Park,Royal Challengers Bangalore,bat,Royal Challengers Bangalore,170-4,Deccan Chargers,158-6,13,10,7,5
1254099,2021-09-28,Mumbai Indians,6 wickets,Mumbai Indians vs Punjab Kings,Zayed Cricket Stadium Abu Dhabi,Mumbai Indians,field,Punjab Kings,135-6,Mumbai Indians,137-4,11,11,1,5
1136609,2018-05-15,Kolkata Knight Riders,6 wickets,Kolkata Knight Riders vs Rajasthan Royals,Eden Gardens,Kolkata Knight Riders,field,Rajasthan Royals,142-10,Kolkata Knight Riders,145-4,16,16,4,5
1136577,2018-04-20,Chennai Super Kings,64 runs,Chennai Super Kings vs Rajasthan Royals,Maharashtra Cricket Association Stadium Pune,Rajasthan Royals,field,Chennai Super Kings,204-5,Rajasthan Royals,140-10,25,10,6,3
1178398,2019-04-09,Chennai Super Kings,7 wickets,Chennai Super Kings vs Kolkata Knight Riders,MA Chidambaram Stadium Chepauk Chennai,Chennai Super Kings,field,Kolkata Knight Riders,108-9,Chennai Super Kings,111-3,10,9,4,2
1136598,2018-05-06,Kings XI Punjab,6 wickets,Kings XI Punjab vs Rajasthan Royals,Holkar Cricket Stadium,Kings XI Punjab,field,Rajasthan Royals,152-9,Kings XI Punjab,155-4,16,13,1,6
1304048,2022-03-27,Delhi Capitals,4 wickets,Delhi Capitals vs Mumbai Indians,Brabourne Stadium Mumbai,Delhi Capitals,field,Mumbai Indians,177-5,Delhi Capitals,179-6,18,18,6,7
1254113,2021-09-24,Chennai Super Kings,6 wickets,Chennai Super Kings vs Royal Challengers Bangalore,Sharjah Cricket Stadium,Chennai Super Kings,field,Royal Challengers Bangalore,156-6,Chennai Super Kings,157-4,11,13,6,7
1359506,2023-04-23,Royal Challengers Bangalore,7 runs,Rajasthan Royals vs Royal Challengers Bangalore,M Chinnaswamy Stadium Bengaluru,Rajasthan Royals,field,Royal Challengers Bangalore,189-9,Rajasthan Royals,182-6,18,18,6,6
392216,2009-05-09,Kings XI Punjab,3 wickets,Deccan Chargers vs Kings XI Punjab,De Beers Diamond Oval,Kings XI Punjab,field,Deccan Chargers,168-5,Kings XI Punjab,169-7,9,10,9,7
829729,2015-04-17,Chennai Super Kings,6 wickets,Chennai Super Kings vs Mumbai Indians,Wankhede Stadium Mumbai,Mumbai Indians,bat,Mumbai Indians,183-7,Chennai Super Kings,189-4,14,21,10,9
548373,2012-05-18,Deccan Chargers,5 wickets,Deccan Chargers vs Rajasthan Royals,Rajiv Gandhi International Stadium Uppal Hyderabad,Rajasthan Royals,bat,Rajasthan Royals,126-8,Deccan Chargers,128-5,10,10,2,3
336023,2008-05-17,Rajasthan Royals,65 runs,Rajasthan Royals vs Royal Challengers Bangalore,Sawai Mansingh Stadium Jaipur,Royal Challengers Bangalore,field,Rajasthan Royals,197-1,Royal Challengers Bangalore,132-9,21,10,3,6
501259,2011-05-16,Deccan Chargers,6 wickets,Deccan Chargers vs Pune Warriors,Dr DY Patil Sports Academy Mumbai,Deccan Chargers,field,Pune Warriors,136-9,Deccan Chargers,138-4,10,10,7,4
1304068,2022-04-12,Chennai Super Kings,23 runs,Chennai Super Kings vs Royal Challengers Bangalore,Dr DY Patil Sports Academy Mumbai,Royal Challengers Bangalore,field,Chennai Super Kings,216-4,Royal Challengers Bangalore,193-9,12,17,17,7
335988,2008-04-22,Delhi Daredevils,9 wickets,Deccan Chargers vs Delhi Daredevils,Rajiv Gandhi International Stadium Uppal Hyderabad,Deccan Chargers,bat,Deccan Chargers,142-8,Delhi Daredevils,143-1,12,15,6,6
729279,2014-04-16,Kolkata Knight Riders,41 runs,Kolkata Knight Riders vs Mumbai Indians,Sheikh Zayed Stadium,Kolkata Knight Riders,bat,Kolkata Knight Riders,163-5,Mumbai Indians,122-7,14,7,5,2
1175359,2019-03-25,Kings XI Punjab,14 runs,Kings XI Punjab vs Rajasthan Royals,Sawai Mansingh Stadium Jaipur,Rajasthan Royals,field,Kings XI Punjab,184-4,Rajasthan Royals,170-9,17,16,7,5
1304087,2022-04-28,Delhi Capitals,4 wickets,Delhi Capitals vs Kolkata Knight Riders,Wankhede Stadium Mumbai,Delhi Capitals,field,Kolkata Knight Riders,146-9,Delhi Capitals,150-6,10,14,4,5
548324,2012-04-15,Rajasthan Royals,59 runs,Rajasthan Royals vs Royal Challengers Bangalore,M Chinnaswamy Stadium Bengaluru,Rajasthan Royals,bat,Rajasthan Royals,195-2,Royal Challengers Bangalore,136-10,19,10,10,5
829791,2015-05-09,Kolkata Knight Riders,1 wickets,Kings XI Punjab vs Kolkata Knight Riders,Eden Gardens,Kings XI Punjab,bat,Kings XI Punjab,183-5,Kolkata Knight Riders,184-9,11,20,11,8
1304091,2022-05-01,Lucknow Super Giants,6 runs,Delhi Capitals vs Lucknow Super Giants,Wankhede Stadium Mumbai,Lucknow Super Giants,bat,Lucknow Super Giants,195-3,Delhi Capitals,189-7,14,16,8,10
548332,2012-04-21,Chennai Super Kings,7 wickets,Chennai Super Kings vs Rajasthan Royals,MA Chidambaram Stadium Chepauk Chennai,Rajasthan Royals,bat,Rajasthan Royals,146-4,Chennai Super Kings,147-3,12,12,5,2
1181764,2019-05-07,Mumbai Indians,6 wickets,Chennai Super Kings vs Mumbai Indians,MA Chidambaram Stadium Chepauk Chennai,Chennai Super Kings,bat,Chennai Super Kings,131-4,Mumbai Indians,132-4,10,15,4,1
392191,2009-04-24,Kings XI Punjab,7 wickets,Kings XI Punjab vs Royal Challengers Bangalore,Kingsmead,Royal Challengers Bangalore,bat,Royal Challengers Bangalore,168-9,Kings XI Punjab,173-3,16,10,5,7
829787,2015-05-07,Sunrisers Hyderabad,7 runs,Rajasthan Royals vs Sunrisers Hyderabad,Brabourne Stadium Mumbai,Rajasthan Royals,field,Sunrisers Hyderabad,201-4,Rajasthan Royals,194-7,21,18,7,10
501218,2011-04-20,Mumbai Indians,7 wickets,Mumbai Indians vs Pune Warriors,Wankhede Stadium Mumbai,Pune Warriors,bat,Pune Warriors,118-10,Mumbai Indians,124-3,13,10,2,1
980959,2016-05-02,Kolkata Knight Riders,5 wickets,Kolkata Knight Riders vs Royal Challengers Bangalore,M Chinnaswamy Stadium Bengaluru,Kolkata Knight Riders,field,Royal Challengers Bangalore,185-7,Kolkata Knight Riders,189-5,18,13,7,9
1254105,2021-09-22,Delhi Capitals,8 wickets,Delhi Capitals vs Sunrisers Hyderabad,Dubai International Cricket Stadium,Sunrisers Hyderabad,bat,Sunrisers Hyderabad,134-9,Delhi Capitals,139-2,9,13,4,5
392200,2009-04-29,Kings XI Punjab,3 runs,Kings XI Punjab vs Mumbai Indians,Kingsmead,Kings XI Punjab,bat,Kings XI Punjab,119-8,Mumbai Indians,116-7,4,7,2,1
1359510,2023-04-26,Kolkata Knight Riders,21 runs,Kolkata Knight Riders vs Royal Challengers Bangalore,M Chinnaswamy Stadium Bengaluru,Royal Challengers Bangalore,field,Kolkata Knight Riders,200-5,Royal Challengers Bangalore,179-8,16,12,12,7
548365,2012-05-13,Rajasthan Royals,45 runs,Pune Warriors vs Rajasthan Royals,Sawai Mansingh Stadium Jaipur,Rajasthan Royals,bat,Rajasthan Royals,170-4,Pune Warriors,125-9,18,12,4,0
336035,2008-05-25,Kolkata Knight Riders,3 wickets,Kings XI Punjab vs Kolkata Knight Riders,Eden Gardens,Kings XI Punjab,bat,Kings XI Punjab,174-6,Kolkata Knight Riders,175-7,17,17,5,9
1175363,2019-03-29,Sunrisers Hyderabad,5 wickets,Rajasthan Royals vs Sunrisers Hyderabad,Rajiv Gandhi International Stadium Uppal Hyderabad,Rajasthan Royals,bat,Rajasthan Royals,198-2,Sunrisers Hyderabad,201-5,18,19,7,8
734021,2014-05-20,Sunrisers Hyderabad,7 wickets,Royal Challengers Bangalore vs Sunrisers Hyderabad,Rajiv Gandhi International Stadium Uppal Hyderabad,Royal Challengers Bangalore,bat,Royal Challengers Bangalore,160-6,Sunrisers Hyderabad,161-3,13,11,6,8
1304052,2022-03-30,Royal Challengers Bangalore,3 wickets,Kolkata Knight Riders vs Royal Challengers Bangalore,Dr DY Patil Sports Academy Mumbai,Royal Challengers Bangalore,field,Kolkata Knight Riders,128-10,Royal Challengers Bangalore,132-7,11,11,7,5
1178414,2019-04-21,Royal Challengers Bangalore,1 runs,Chennai Super Kings vs Royal Challengers Bangalore,M Chinnaswamy Stadium Bengaluru,Chennai Super Kings,field,Royal Challengers Bangalore,161-7,Chennai Super Kings,160-8,13,10,7,8
501234,2011-04-30,Kolkata Knight Riders,8 wickets,Kings XI Punjab vs Kolkata Knight Riders,Eden Gardens,Kolkata Knight Riders,field,Kings XI Punjab,119-6,Kolkata Knight Riders,120-2,11,13,1,1
733971,2014-05-02,Chennai Super Kings,34 runs,Chennai Super Kings vs Kolkata Knight Riders,JSCA International Stadium Complex,Chennai Super Kings,bat,Chennai Super Kings,148-3,Kolkata Knight Riders,114-9,13,8,6,5
419136,2010-04-02,Royal Challengers Bangalore,6 wickets,Kings XI Punjab vs Royal Challengers Bangalore,Punjab Cricket Association IS Bindra Stadium Mohali Chandigarh,Kings XI Punjab,bat,Kings XI Punjab,181-5,Royal Challengers Bangalore,184-4,20,17,3,4
598006,2013-04-09,Mumbai Indians,44 runs,Delhi Daredevils vs Mumbai Indians,Wankhede Stadium Mumbai,Mumbai Indians,bat,Mumbai Indians,209-5,Delhi Daredevils,165-9,21,15,10,5
1216531,2020-10-15,Kings XI Punjab,8 wickets,Kings XI Punjab vs Royal Challengers Bangalore,Sharjah Cricket Stadium,Royal Challengers Bangalore,bat,Royal Challengers Bangalore,171-6,Kings XI Punjab,177-2,8,6,8,14
1136582,2018-04-23,Kings XI Punjab,4 runs,Delhi Daredevils vs Kings XI Punjab,Arun Jaitley Stadium Delhi,Delhi Daredevils,field,Kings XI Punjab,143-8,Delhi Daredevils,139-8,12,11,2,3
1359496,2023-04-16,Mumbai Indians,5 wickets,Kolkata Knight Riders vs Mumbai Indians,Wankhede Stadium Mumbai,Mumbai Indians,field,Kolkata Knight Riders,185-6,Mumbai Indians,186-5,12,15,10,13
1359479,2023-04-02,Royal Challengers Bangalore,8 wickets,Mumbai Indians vs Royal Challengers Bangalore,M Chinnaswamy Stadium Bengaluru,Royal Challengers Bangalore,field,Mumbai Indians,171-7,Royal Challengers Bangalore,172-2,15,11,7,13
1254083,2021-04-30,Punjab Kings,34 runs,Punjab Kings vs Royal Challengers Bangalore,Narendra Modi Stadium Ahmedabad,Royal Challengers Bangalore,field,Punjab Kings,179-5,Royal Challengers Bangalore,145-8,15,10,9,6
980975,2016-05-08,Gujarat Lions,5 wickets,Gujarat Lions vs Kolkata Knight Riders,Eden Gardens,Gujarat Lions,field,Kolkata Knight Riders,158-4,Gujarat Lions,164-5,14,19,5,7
1136613,2018-05-19,Rajasthan Royals,30 runs,Rajasthan Royals vs Royal Challengers Bangalore,Sawai Mansingh Stadium Jaipur,Rajasthan Royals,bat,Rajasthan Royals,164-5,Royal Challengers Bangalore,134-10,11,15,6,2
419161,2010-04-19,Kolkata Knight Riders,9 wickets,Kolkata Knight Riders vs Mumbai Indians,Eden Gardens,Mumbai Indians,bat,Mumbai Indians,133-8,Kolkata Knight Riders,135-1,12,13,2,3
1082601,2017-04-13,Kolkata Knight Riders,8 wickets,Kings XI Punjab vs Kolkata Knight Riders,Eden Gardens,Kolkata Knight Riders,field,Kings XI Punjab,170-9,Kolkata Knight Riders,171-2,18,20,6,5
336019,2008-05-28,Kings XI Punjab,41 runs,Kings XI Punjab vs Rajasthan Royals,Punjab Cricket Association IS Bindra Stadium Mohali Chandigarh,Rajasthan Royals,field,Kings XI Punjab,221-3,Rajasthan Royals,180-7,20,18,14,8
501263,2011-05-20,Rajasthan Royals,10 wickets,Mumbai Indians vs Rajasthan Royals,Wankhede Stadium Mumbai,Mumbai Indians,bat,Mumbai Indians,133-5,Rajasthan Royals,134-0,13,15,1,6
829713,2015-04-11,Royal Challengers Bangalore,3 wickets,Kolkata Knight Riders vs Royal Challengers Bangalore,Eden Gardens,Royal Challengers Bangalore,field,Kolkata Knight Riders,177-6,Royal Challengers Bangalore,179-7,23,12,3,12
548349,2012-05-01,Delhi Daredevils,6 wickets,Delhi Daredevils vs Rajasthan Royals,Sawai Mansingh Stadium Jaipur,Rajasthan Royals,bat,Rajasthan Royals,141-6,Delhi Daredevils,144-4,16,18,1,3
598051,2013-05-08,Chennai Super Kings,77 runs,Chennai Super Kings vs Sunrisers Hyderabad,Rajiv Gandhi International Stadium Uppal Hyderabad,Sunrisers Hyderabad,field,Chennai Super Kings,223-3,Sunrisers Hyderabad,146-8,21,11,10,6
1359480,2023-04-03,Chennai Super Kings,12 runs,Chennai Super Kings vs Lucknow Super Giants,MA Chidambaram Stadium Chepauk Chennai,Lucknow Super Giants,field,Chennai Super Kings,217-7,Lucknow Super Giants,205-7,15,13,13,9
597998,2013-04-03,Kolkata Knight Riders,6 wickets,Delhi Daredevils vs Kolkata Knight Riders,Eden Gardens,Kolkata Knight Riders,field,Delhi Daredevils,128-10,Kolkata Knight Riders,129-4,15,14,1,2
1136605,2018-05-12,Royal Challengers Bangalore,5 wickets,Delhi Daredevils vs Royal Challengers Bangalore,Arun Jaitley Stadium Delhi,Royal Challengers Bangalore,field,Delhi Daredevils,181-4,Royal Challengers Bangalore,187-5,14,14,9,10
980963,2016-05-04,Kolkata Knight Riders,7 runs,Kings XI Punjab vs Kolkata Knight Riders,Eden Gardens,Kings XI Punjab,field,Kolkata Knight Riders,164-3,Kings XI Punjab,157-9,13,12,5,6
1370352,2023-05-26,Gujarat Titans,62 runs,Gujarat Titans vs Mumbai Indians,Narendra Modi Stadium Ahmedabad,Mumbai Indians,field,Gujarat Titans,233-3,Mumbai Indians,171-10,18,17,13,7
1254095,2021-10-06,Sunrisers Hyderabad,4 runs,Royal Challengers Bangalore vs Sunrisers Hyderabad,Zayed Cricket Stadium Abu Dhabi,Royal Challengers Bangalore,field,Sunrisers Hyderabad,141-7,Royal Challengers Bangalore,137-6,14,12,2,4
1082617,2017-04-23,Kolkata Knight Riders,82 runs,Kolkata Knight Riders vs Royal Challengers Bangalore,Eden Gardens,Royal Challengers Bangalore,field,Kolkata Knight Riders,131-10,Royal Challengers Bangalore,49-10,14,8,2,0
598047,2013-05-05,Rajasthan Royals,5 wickets,Pune Warriors vs Rajasthan Royals,Sawai Mansingh Stadium Jaipur,Pune Warriors,bat,Pune Warriors,178-4,Rajasthan Royals,182-5,20,20,5,5
829705,2015-04-08,Kolkata Knight Riders,7 wickets,Kolkata Knight Riders vs Mumbai Indians,Eden Gardens,Kolkata Knight Riders,field,Mumbai Indians,168-3,Kolkata Knight Riders,170-3,18,11,7,11
1304101,2022-05-08,Chennai Super Kings,91 runs,Chennai Super Kings vs Delhi Capitals,Dr DY Patil Sports Academy Mumbai,Delhi Capitals,field,Chennai Super Kings,208-6,Delhi Capitals,117-10,18,12,10,5
734037,2014-05-24,Kolkata Knight Riders,4 wickets,Kolkata Knight Riders vs Sunrisers Hyderabad,Eden Gardens,Kolkata Knight Riders,field,Sunrisers Hyderabad,160-7,Kolkata Knight Riders,161-6,19,14,5,11
1178402,2019-04-13,Rajasthan Royals,4 wickets,Mumbai Indians vs Rajasthan Royals,Wankhede Stadium Mumbai,Rajasthan Royals,field,Mumbai Indians,187-5,Rajasthan Royals,188-6,14,19,9,9
419120,2010-03-21,Deccan Chargers,10 runs,Deccan Chargers vs Delhi Daredevils,Barsapara Cricket Stadium Guwahati,Deccan Chargers,bat,Deccan Chargers,171-6,Delhi Daredevils,161-9,15,13,9,6
1082640,2017-05-10,Delhi Daredevils,2 wickets,Delhi Daredevils vs Gujarat Lions,Green Park,Delhi Daredevils,field,Gujarat Lions,195-5,Delhi Daredevils,197-8,20,31,6,4
501222,2011-04-22,Royal Challengers Bangalore,9 wickets,Kolkata Knight Riders vs Royal Challengers Bangalore,Eden Gardens,Royal Challengers Bangalore,field,Kolkata Knight Riders,171-5,Royal Challengers Bangalore,175-1,15,19,4,8
1136594,2018-05-04,Mumbai Indians,6 wickets,Kings XI Punjab vs Mumbai Indians,Holkar Cricket Stadium,Mumbai Indians,field,Kings XI Punjab,174-6,Mumbai Indians,176-4,10,13,11,11
1216527,2020-09-27,Rajasthan Royals,4 wickets,Kings XI Punjab vs Rajasthan Royals,Sharjah Cricket Stadium,Rajasthan Royals,field,Kings XI Punjab,223-2,Rajasthan Royals,226-6,20,14,11,18
1178394,2019-04-06,Mumbai Indians,40 runs,Mumbai Indians vs Sunrisers Hyderabad,Rajiv Gandhi International Stadium Uppal Hyderabad,Sunrisers Hyderabad,field,Mumbai Indians,136-7,Sunrisers Hyderabad,96-10,8,8,7,1
548308,2012-04-06,Pune Warriors,28 runs,Mumbai Indians vs Pune Warriors,Wankhede Stadium Mumbai,Mumbai Indians,field,Pune Warriors,129-9,Mumbai Indians,101-9,11,8,1,2
598010,2013-04-12,Sunrisers Hyderabad,3 wickets,Delhi Daredevils vs Sunrisers Hyderabad,Arun Jaitley Stadium Delhi,Delhi Daredevils,bat,Delhi Daredevils,114-8,Sunrisers Hyderabad,115-7,7,13,3,1
419121,2010-03-21,Tie,,Chennai Super Kings vs Kings XI Punjab,MA Chidambaram Stadium Chepauk Chennai,Chennai Super Kings,field,Kings XI Punjab,136-8,Chennai Super Kings,136-7,14,9,3,5
1082641,2017-05-11,Kings XI Punjab,7 runs,Kings XI Punjab vs Mumbai Indians,Wankhede Stadium Mumbai,Mumbai Indians,field,Kings XI Punjab,230-3,Mumbai Indians,223-6,18,18,12,14
501223,2011-04-23,Delhi Daredevils,29 runs,Delhi Daredevils vs Kings XI Punjab,Arun Jaitley Stadium Delhi,Kings XI Punjab,field,Delhi Daredevils,231-4,Kings XI Punjab,202-6,20,21,12,11
829753,2015-04-25,Chennai Super Kings,97 runs,Chennai Super Kings vs Kings XI Punjab,MA Chidambaram Stadium Chepauk Chennai,Chennai Super Kings,bat,Chennai Super Kings,192-3,Kings XI Punjab,95-9,19,5,7,2
1136595,2018-05-05,Chennai Super Kings,6 wickets,Chennai Super Kings vs Royal Challengers Bangalore,Maharashtra Cricket Association Stadium Pune,Chennai Super Kings,field,Royal Challengers Bangalore,127-9,Chennai Super Kings,128-4,11,8,3,8
1216526,2020-10-16,Mumbai Indians,8 wickets,Kolkata Knight Riders vs Mumbai Indians,Sheikh Zayed Stadium,Kolkata Knight Riders,bat,Kolkata Knight Riders,148-5,Mumbai Indians,149-2,13,18,5,5
1178395,2019-04-07,Delhi Capitals,4 wickets,Delhi Capitals vs Royal Challengers Bangalore,M Chinnaswamy Stadium Bengaluru,Delhi Capitals,field,Royal Challengers Bangalore,149-8,Delhi Capitals,152-6,8,18,7,3
733989,2014-05-08,Sunrisers Hyderabad,32 runs,Rajasthan Royals vs Sunrisers Hyderabad,Sardar Patel Stadium Motera,Rajasthan Royals,field,Sunrisers Hyderabad,134-9,Rajasthan Royals,102-10,15,6,0,1
548309,2012-04-06,Rajasthan Royals,31 runs,Kings XI Punjab vs Rajasthan Royals,Sawai Mansingh Stadium Jaipur,Kings XI Punjab,field,Rajasthan Royals,191-4,Kings XI Punjab,160-9,23,14,3,4
598011,2013-04-13,Mumbai Indians,41 runs,Mumbai Indians vs Pune Warriors,Wankhede Stadium Mumbai,Mumbai Indians,bat,Mumbai Indians,183-3,Pune Warriors,142-8,17,11,8,5
1304100,2022-05-08,Royal Challengers Bangalore,67 runs,Royal Challengers Bangalore vs Sunrisers Hyderabad,Wankhede Stadium Mumbai,Royal Challengers Bangalore,bat,Royal Challengers Bangalore,192-3,Sunrisers Hyderabad,125-10,16,10,10,5
729311,2014-04-27,Chennai Super Kings,5 wickets,Chennai Super Kings vs Sunrisers Hyderabad,Sharjah Cricket Stadium,Sunrisers Hyderabad,bat,Sunrisers Hyderabad,145-5,Chennai Super Kings,146-5,9,9,4,8
1178403,2019-04-13,Royal Challengers Bangalore,8 wickets,Kings XI Punjab vs Royal Challengers Bangalore,Punjab Cricket Association IS Bindra Stadium Mohali Chandigarh,Royal Challengers Bangalore,field,Kings XI Punjab,173-4,Royal Challengers Bangalore,174-2,15,21,8,2
980935,2016-04-23,Sunrisers Hyderabad,5 wickets,Kings XI Punjab vs Sunrisers Hyderabad,Rajiv Gandhi International Stadium Uppal Hyderabad,Sunrisers Hyderabad,field,Kings XI Punjab,143-6,Sunrisers Hyderabad,146-5,9,14,6,4
1082616,2017-04-23,Kings XI Punjab,26 runs,Gujarat Lions vs Kings XI Punjab,Saurashtra Cricket Association Stadium,Gujarat Lions,field,Kings XI Punjab,188-7,Gujarat Lions,162-7,17,16,9,2
598046,2013-05-05,Mumbai Indians,60 runs,Chennai Super Kings vs Mumbai Indians,Wankhede Stadium Mumbai,Mumbai Indians,bat,Mumbai Indians,139-5,Chennai Super Kings,79-10,11,6,6,1
1312200,2022-05-29,Gujarat Titans,7 wickets,Gujarat Titans vs Rajasthan Royals,Narendra Modi Stadium Ahmedabad,Rajasthan Royals,bat,Rajasthan Royals,130-9,Gujarat Titans,133-3,11,10,4,4
1359481,2023-04-04,Gujarat Titans,6 wickets,Delhi Capitals vs Gujarat Titans,Arun Jaitley Stadium Delhi,Gujarat Titans,field,Delhi Capitals,162-8,Gujarat Titans,163-4,14,15,6,5
597999,2013-04-04,Royal Challengers Bangalore,2 runs,Mumbai Indians vs Royal Challengers Bangalore,M Chinnaswamy Stadium Bengaluru,Mumbai Indians,field,Royal Challengers Bangalore,156-5,Mumbai Indians,154-5,18,11,6,5
1136604,2018-05-12,Kolkata Knight Riders,31 runs,Kings XI Punjab vs Kolkata Knight Riders,Holkar Cricket Stadium,Kings XI Punjab,field,Kolkata Knight Riders,245-6,Kings XI Punjab,214-8,24,12,15,16
1370353,2023-05-29,Chennai Super Kings,5 wickets,Chennai Super Kings vs Gujarat Titans,Narendra Modi Stadium Ahmedabad,Chennai Super Kings,field,Gujarat Titans,214-4,Chennai Super Kings,171-5,20,11,9,10
1254094,2021-10-07,Punjab Kings,6 wickets,Chennai Super Kings vs Punjab Kings,Dubai International Cricket Stadium,Punjab Kings,field,Chennai Super Kings,134-6,Punjab Kings,139-4,13,9,2,10
419160,2010-04-18,Deccan Chargers,11 runs,Deccan Chargers vs Delhi Daredevils,Arun Jaitley Stadium Delhi,Deccan Chargers,bat,Deccan Chargers,145-7,Delhi Daredevils,134-7,12,10,6,4
336018,2008-05-14,Mumbai Indians,9 wickets,Chennai Super Kings vs Mumbai Indians,Wankhede Stadium Mumbai,Mumbai Indians,field,Chennai Super Kings,156-6,Mumbai Indians,158-1,21,12,3,12
1082600,2017-04-12,Mumbai Indians,4 wickets,Mumbai Indians vs Sunrisers Hyderabad,Wankhede Stadium Mumbai,Mumbai Indians,field,Sunrisers Hyderabad,158-8,Mumbai Indians,159-6,18,16,3,6
501262,2011-05-19,Kolkata Knight Riders,7 wickets,Kolkata Knight Riders vs Pune Warriors,Dr DY Patil Sports Academy Mumbai,Kolkata Knight Riders,field,Pune Warriors,118-7,Kolkata Knight Riders,119-3,10,12,1,2
548348,2012-05-01,Deccan Chargers,13 runs,Deccan Chargers vs Pune Warriors,Barsapara Cricket Stadium Guwahati,Deccan Chargers,bat,Deccan Chargers,186-4,Pune Warriors,173-5,16,16,6,5
598050,2013-05-07,Mumbai Indians,65 runs,Kolkata Knight Riders vs Mumbai Indians,Wankhede Stadium Mumbai,Mumbai Indians,bat,Mumbai Indians,170-6,Kolkata Knight Riders,105-10,20,8,4,4
1359497,2023-04-16,Rajasthan Royals,3 wickets,Gujarat Titans vs Rajasthan Royals,Narendra Modi Stadium Ahmedabad,Rajasthan Royals,field,Gujarat Titans,177-7,Rajasthan Royals,179-7,13,10,7,15
1359478,2023-04-02,Rajasthan Royals,72 runs,Rajasthan Royals vs Sunrisers Hyderabad,Rajiv Gandhi International Stadium Uppal Hyderabad,Sunrisers Hyderabad,field,Rajasthan Royals,203-5,Sunrisers Hyderabad,131-8,21,8,8,5
1254082,2021-04-29,Delhi Capitals,7 wickets,Delhi Capitals vs Kolkata Knight Riders,Narendra Modi Stadium Ahmedabad,Delhi Capitals,field,Kolkata Knight Riders,154-6,Delhi Capitals,156-3,10,18,7,5
1136612,2018-05-18,Delhi Daredevils,34 runs,Chennai Super Kings vs Delhi Daredevils,Arun Jaitley Stadium Delhi,Chennai Super Kings,field,Delhi Daredevils,162-5,Chennai Super Kings,128-6,10,6,9,7
501235,2011-05-01,Rajasthan Royals,6 wickets,Pune Warriors vs Rajasthan Royals,Sawai Mansingh Stadium Jaipur,Rajasthan Royals,field,Pune Warriors,143-7,Rajasthan Royals,144-4,15,9,2,6
419137,2010-04-03,Chennai Super Kings,23 runs,Chennai Super Kings vs Rajasthan Royals,MA Chidambaram Stadium Chepauk Chennai,Chennai Super Kings,bat,Chennai Super Kings,246-5,Rajasthan Royals,223-5,19,20,17,13
598007,2013-04-10,Chennai Super Kings,10 wickets,Chennai Super Kings vs Kings XI Punjab,Punjab Cricket Association IS Bindra Stadium Mohali Chandigarh,Chennai Super Kings,field,Kings XI Punjab,138-10,Chennai Super Kings,139-0,15,14,1,3
1216530,2020-11-01,Kolkata Knight Riders,60 runs,Kolkata Knight Riders vs Rajasthan Royals,Dubai International Cricket Stadium,Rajasthan Royals,field,Kolkata Knight Riders,191-7,Rajasthan Royals,131-9,16,11,12,4
1136583,2018-04-24,Sunrisers Hyderabad,31 runs,Mumbai Indians vs Sunrisers Hyderabad,Wankhede Stadium Mumbai,Mumbai Indians,field,Sunrisers Hyderabad,118-10,Mumbai Indians,87-10,13,10,1,1
829745,2015-04-22,Chennai Super Kings,27 runs,Chennai Super Kings vs Royal Challengers Bangalore,M Chinnaswamy Stadium Bengaluru,Royal Challengers Bangalore,field,Chennai Super Kings,181-8,Royal Challengers Bangalore,154-8,17,12,10,7
1175362,2019-03-28,Mumbai Indians,6 runs,Mumbai Indians vs Royal Challengers Bangalore,M Chinnaswamy Stadium Bengaluru,Royal Challengers Bangalore,field,Mumbai Indians,187-8,Royal Challengers Bangalore,181-5,17,15,9,9
1082591,2017-04-05,Sunrisers Hyderabad,35 runs,Royal Challengers Bangalore vs Sunrisers Hyderabad,Rajiv Gandhi International Stadium Uppal Hyderabad,Royal Challengers Bangalore,field,Sunrisers Hyderabad,207-4,Royal Challengers Bangalore,172-10,17,15,9,8
1304116,2022-05-22,Punjab Kings,5 wickets,Punjab Kings vs Sunrisers Hyderabad,Wankhede Stadium Mumbai,Sunrisers Hyderabad,bat,Sunrisers Hyderabad,157-8,Punjab Kings,160-5,13,15,6,9
980923,2016-04-18,Sunrisers Hyderabad,7 wickets,Mumbai Indians vs Sunrisers Hyderabad,Rajiv Gandhi International Stadium Uppal Hyderabad,Sunrisers Hyderabad,field,Mumbai Indians,142-6,Sunrisers Hyderabad,145-3,9,11,5,5
1304053,2022-03-31,Lucknow Super Giants,6 wickets,Chennai Super Kings vs Lucknow Super Giants,Brabourne Stadium Mumbai,Lucknow Super Giants,field,Chennai Super Kings,210-7,Lucknow Super Giants,211-4,24,18,8,9
1178415,2019-04-22,Delhi Capitals,6 wickets,Delhi Capitals vs Rajasthan Royals,Sawai Mansingh Stadium Jaipur,Delhi Capitals,field,Rajasthan Royals,191-6,Delhi Capitals,193-4,23,19,3,8
729307,2014-04-26,Kings XI Punjab,23 runs,Kings XI Punjab vs Kolkata Knight Riders,Sheikh Zayed Stadium,Kolkata Knight Riders,field,Kings XI Punjab,132-9,Kolkata Knight Riders,109-10,12,10,2,1
548364,2012-05-12,Chennai Super Kings,9 wickets,Chennai Super Kings vs Delhi Daredevils,MA Chidambaram Stadium Chepauk Chennai,Chennai Super Kings,field,Delhi Daredevils,114-5,Chennai Super Kings,115-1,4,11,3,4
336034,2008-05-03,Royal Challengers Bangalore,3 runs,Deccan Chargers vs Royal Challengers Bangalore,M Chinnaswamy Stadium Bengaluru,Deccan Chargers,field,Royal Challengers Bangalore,156-8,Deccan Chargers,153-6,15,15,4,5
829801,2015-05-12,Delhi Daredevils,6 wickets,Chennai Super Kings vs Delhi Daredevils,Shaheed Veer Narayan Singh International Stadium,Chennai Super Kings,bat,Chennai Super Kings,119-6,Delhi Daredevils,120-4,10,15,3,3
1254104,2021-09-19,Chennai Super Kings,20 runs,Chennai Super Kings vs Mumbai Indians,Dubai International Cricket Stadium,Chennai Super Kings,bat,Chennai Super Kings,156-7,Mumbai Indians,136-8,11,12,7,3
392201,2009-04-30,Delhi Daredevils,6 wickets,Deccan Chargers vs Delhi Daredevils,SuperSport Park,Delhi Daredevils,field,Deccan Chargers,148-9,Delhi Daredevils,150-4,13,15,3,4
1359511,2023-04-27,Rajasthan Royals,32 runs,Chennai Super Kings vs Rajasthan Royals,Sawai Mansingh Stadium Jaipur,Rajasthan Royals,bat,Rajasthan Royals,202-5,Chennai Super Kings,170-6,21,13,6,7
829769,2015-05-01,Mumbai Indians,8 runs,Mumbai Indians vs Rajasthan Royals,Wankhede Stadium Mumbai,Rajasthan Royals,field,Mumbai Indians,187-5,Rajasthan Royals,179-7,18,15,6,5
548333,2012-04-21,Pune Warriors,20 runs,Delhi Daredevils vs Pune Warriors,Arun Jaitley Stadium Delhi,Delhi Daredevils,field,Pune Warriors,192-3,Delhi Daredevils,172-7,19,12,7,9
392190,2009-04-23,Tie,,Kolkata Knight Riders vs Rajasthan Royals,Newlands,Kolkata Knight Riders,field,Rajasthan Royals,150-6,Kolkata Knight Riders,150-8,11,10,5,6
501219,2011-04-20,Kochi Tuskers Kerala,6 runs,Kochi Tuskers Kerala vs Kolkata Knight Riders,Eden Gardens,Kolkata Knight Riders,field,Kochi Tuskers Kerala,132-7,Kolkata Knight Riders,126-9,11,7,5,3
729281,2014-04-17,Royal Challengers Bangalore,8 wickets,Delhi Daredevils vs Royal Challengers Bangalore,Sharjah Cricket Stadium,Royal Challengers Bangalore,field,Delhi Daredevils,145-4,Royal Challengers Bangalore,146-2,9,11,4,9
1304090,2022-04-30,Mumbai Indians,5 wickets,Mumbai Indians vs Rajasthan Royals,Dr DY Patil Sports Academy Mumbai,Mumbai Indians,field,Rajasthan Royals,158-6,Mumbai Indians,161-5,12,12,7,7
548325,2012-04-16,Delhi Daredevils,7 wickets,Delhi Daredevils vs Mumbai Indians,Wankhede Stadium Mumbai,Delhi Daredevils,field,Mumbai Indians,92-10,Delhi Daredevils,93-3,10,7,1,1
392186,2009-04-21,Kolkata Knight Riders,11 runs,Kings XI Punjab vs Kolkata Knight Riders,Kingsmead,Kolkata Knight Riders,field,Kings XI Punjab,158-6,Kolkata Knight Riders,79-1,15,3,4,6
980919,2016-04-17,Kings XI Punjab,6 wickets,Kings XI Punjab vs Rising Pune Supergiants,Punjab Cricket Association IS Bindra Stadium Mohali Chandigarh,Rising Pune Supergiants,bat,Rising Pune Supergiants,152-7,Kings XI Punjab,153-4,18,15,0,4
335989,2008-04-23,Chennai Super Kings,6 runs,Chennai Super Kings vs Mumbai Indians,MA Chidambaram Stadium Chepauk Chennai,Mumbai Indians,field,Chennai Super Kings,208-5,Mumbai Indians,202-7,24,19,6,8
1304069,2022-04-13,Punjab Kings,12 runs,Mumbai Indians vs Punjab Kings,Maharashtra Cricket Association Stadium Pune,Mumbai Indians,field,Punjab Kings,198-5,Mumbai Indians,186-9,14,12,9,14
729297,2014-04-23,Chennai Super Kings,7 runs,Chennai Super Kings vs Rajasthan Royals,Dubai International Cricket Stadium,Rajasthan Royals,field,Chennai Super Kings,140-6,Rajasthan Royals,133-10,10,7,3,6
1175358,2019-03-24,Delhi Capitals,37 runs,Delhi Capitals vs Mumbai Indians,Wankhede Stadium Mumbai,Mumbai Indians,field,Delhi Capitals,213-6,Mumbai Indians,176-9,22,20,11,6
1304086,2022-04-27,Gujarat Titans,5 wickets,Gujarat Titans vs Sunrisers Hyderabad,Wankhede Stadium Mumbai,Gujarat Titans,field,Sunrisers Hyderabad,195-6,Gujarat Titans,199-5,12,19,11,8
548372,2012-05-17,Royal Challengers Bangalore,21 runs,Delhi Daredevils vs Royal Challengers Bangalore,Arun Jaitley Stadium Delhi,Delhi Daredevils,field,Royal Challengers Bangalore,215-1,Delhi Daredevils,194-9,18,18,14,8
336022,2008-05-17,Kings XI Punjab,6 runs,Delhi Daredevils vs Kings XI Punjab,Arun Jaitley Stadium Delhi,Delhi Daredevils,bat,Delhi Daredevils,118-4,Kings XI Punjab,94-3,10,4,6,8
501258,2011-05-15,Kochi Tuskers Kerala,8 wickets,Kochi Tuskers Kerala vs Rajasthan Royals,Holkar Cricket Stadium,Kochi Tuskers Kerala,field,Rajasthan Royals,97-10,Kochi Tuskers Kerala,98-2,9,9,4,7
1254112,2021-10-02,Delhi Capitals,4 wickets,Delhi Capitals vs Mumbai Indians,Sharjah Cricket Stadium,Delhi Capitals,field,Mumbai Indians,129-8,Delhi Capitals,132-6,9,9,5,4
829817,2015-05-19,Mumbai Indians,25 runs,Chennai Super Kings vs Mumbai Indians,Wankhede Stadium Mumbai,Mumbai Indians,bat,Mumbai Indians,187-6,Chennai Super Kings,162-10,11,11,12,7
1359507,2023-04-23,Chennai Super Kings,49 runs,Chennai Super Kings vs Kolkata Knight Riders,Eden Gardens Kolkata,Kolkata Knight Riders,field,Chennai Super Kings,235-4,Kolkata Knight Riders,186-8,14,14,18,12
392217,2009-05-09,Chennai Super Kings,7 wickets,Chennai Super Kings vs Rajasthan Royals,De Beers Diamond Oval,Rajasthan Royals,bat,Rajasthan Royals,140-7,Chennai Super Kings,141-3,11,14,5,4
980939,2016-04-24,Kolkata Knight Riders,2 wickets,Kolkata Knight Riders vs Rising Pune Supergiants,Maharashtra Cricket Association Stadium Pune,Kolkata Knight Riders,field,Rising Pune Supergiants,160-5,Kolkata Knight Riders,162-8,8,11,7,8
1304049,2022-03-27,Punjab Kings,5 wickets,Punjab Kings vs Royal Challengers Bangalore,Dr DY Patil Sports Academy Mumbai,Punjab Kings,field,Royal Challengers Bangalore,205-2,Punjab Kings,208-5,9,11,13,14
1136576,2018-04-19,Kings XI Punjab,15 runs,Kings XI Punjab vs Sunrisers Hyderabad,Punjab Cricket Association IS Bindra Stadium Mohali Chandigarh,Kings XI Punjab,bat,Kings XI Punjab,193-3,Sunrisers Hyderabad,178-5,10,11,14,5
733985,2014-05-07,Kolkata Knight Riders,8 wickets,Delhi Daredevils vs Kolkata Knight Riders,Arun Jaitley Stadium Delhi,Delhi Daredevils,bat,Delhi Daredevils,160-5,Kolkata Knight Riders,161-2,13,14,6,3
1178399,2019-04-10,Mumbai Indians,3 wickets,Kings XI Punjab vs Mumbai Indians,Wankhede Stadium Mumbai,Mumbai Indians,field,Kings XI Punjab,197-4,Mumbai Indians,198-7,13,15,13,11
981017,2016-05-27,Sunrisers Hyderabad,4 wickets,Gujarat Lions vs Sunrisers Hyderabad,Arun Jaitley Stadium Delhi,Sunrisers Hyderabad,field,Gujarat Lions,162-7,Sunrisers Hyderabad,163-6,22,15,3,7
1136599,2018-05-07,Sunrisers Hyderabad,5 runs,Royal Challengers Bangalore vs Sunrisers Hyderabad,Rajiv Gandhi International Stadium Uppal Hyderabad,Royal Challengers Bangalore,field,Sunrisers Hyderabad,146-10,Royal Challengers Bangalore,141-6,14,13,3,3
980981,2016-05-11,Mumbai Indians,6 wickets,Mumbai Indians vs Royal Challengers Bangalore,M Chinnaswamy Stadium Bengaluru,Mumbai Indians,field,Royal Challengers Bangalore,151-4,Mumbai Indians,153-4,8,9,9,8
1254077,2021-04-25,Tie,,Delhi Capitals vs Sunrisers Hyderabad,MA Chidambaram Stadium Chepauk Chennai,Delhi Capitals,bat,Delhi Capitals,159-4,Sunrisers Hyderabad,159-7,17,14,3,5
1359527,2023-05-08,Kolkata Knight Riders,5 wickets,Kolkata Knight Riders vs Punjab Kings,Eden Gardens Kolkata,Punjab Kings,bat,Punjab Kings,179-7,Kolkata Knight Riders,182-5,21,20,6,6
392237,2009-05-22,Deccan Chargers,6 wickets,Deccan Chargers vs Delhi Daredevils,SuperSport Park,Deccan Chargers,field,Delhi Daredevils,153-8,Deccan Chargers,154-4,13,15,4,6
1254098,2021-09-26,Chennai Super Kings,2 wickets,Chennai Super Kings vs Kolkata Knight Riders,Zayed Cricket Stadium Abu Dhabi,Kolkata Knight Riders,bat,Kolkata Knight Riders,171-6,Chennai Super Kings,172-8,17,15,4,6
1136608,2018-05-14,Royal Challengers Bangalore,10 wickets,Kings XI Punjab vs Royal Challengers Bangalore,Holkar Cricket Stadium,Royal Challengers Bangalore,field,Kings XI Punjab,88-10,Royal Challengers Bangalore,92-0,5,13,5,2
336002,2008-05-25,Royal Challengers Bangalore,5 wickets,Deccan Chargers vs Royal Challengers Bangalore,Rajiv Gandhi International Stadium Uppal Hyderabad,Deccan Chargers,bat,Deccan Chargers,165-10,Royal Challengers Bangalore,171-5,15,19,7,7
548352,2012-05-04,Chennai Super Kings,10 runs,Chennai Super Kings vs Deccan Chargers,MA Chidambaram Stadium Chepauk Chennai,Chennai Super Kings,bat,Chennai Super Kings,160-6,Deccan Chargers,150-5,9,14,4,3
392221,2009-05-12,Royal Challengers Bangalore,6 wickets,Kolkata Knight Riders vs Royal Challengers Bangalore,SuperSport Park,Royal Challengers Bangalore,field,Kolkata Knight Riders,173-4,Royal Challengers Bangalore,176-4,17,15,5,7
1359531,2023-05-12,Mumbai Indians,27 runs,Gujarat Titans vs Mumbai Indians,Wankhede Stadium Mumbai,Gujarat Titans,field,Mumbai Indians,218-5,Gujarat Titans,191-8,22,16,12,12
1254061,2021-04-12,Punjab Kings,4 runs,Punjab Kings vs Rajasthan Royals,Wankhede Stadium Mumbai,Rajasthan Royals,field,Punjab Kings,221-6,Rajasthan Royals,217-7,18,22,13,11
980997,2016-05-17,Rising Pune Supergiants,19 runs,Delhi Daredevils vs Rising Pune Supergiants,Dr. Y.S. Rajasekhara Reddy ACA-VDCA Cricket Stadium,Rising Pune Supergiants,field,Delhi Daredevils,121-6,Rising Pune Supergiants,76-1,11,10,2,1
829821,2015-05-22,Chennai Super Kings,3 wickets,Chennai Super Kings vs Royal Challengers Bangalore,JSCA International Stadium Complex,Chennai Super Kings,field,Royal Challengers Bangalore,139-8,Chennai Super Kings,140-7,11,9,5,3
336014,2008-05-11,Kolkata Knight Riders,23 runs,Deccan Chargers vs Kolkata Knight Riders,Rajiv Gandhi International Stadium Uppal Hyderabad,Kolkata Knight Riders,bat,Kolkata Knight Riders,204-4,Deccan Chargers,181-7,22,16,9,8
548344,2012-04-28,Kolkata Knight Riders,47 runs,Kolkata Knight Riders vs Royal Challengers Bangalore,Eden Gardens,Kolkata Knight Riders,bat,Kolkata Knight Riders,190-4,Royal Challengers Bangalore,143-6,18,12,9,7
1178419,2019-04-26,Mumbai Indians,46 runs,Chennai Super Kings vs Mumbai Indians,MA Chidambaram Stadium Chepauk Chennai,Chennai Super Kings,field,Mumbai Indians,155-4,Chennai Super Kings,109-10,13,7,6,3
501239,2011-05-03,Kolkata Knight Riders,20 runs,Deccan Chargers vs Kolkata Knight Riders,Rajiv Gandhi International Stadium Uppal Hyderabad,Deccan Chargers,field,Kolkata Knight Riders,169-4,Deccan Chargers,149-6,13,13,6,1
829749,2015-04-24,Royal Challengers Bangalore,9 wickets,Rajasthan Royals vs Royal Challengers Bangalore,Sardar Patel Stadium Motera,Royal Challengers Bangalore,field,Rajasthan Royals,130-9,Royal Challengers Bangalore,134-1,10,10,3,4
981001,2016-05-19,Gujarat Lions,6 wickets,Gujarat Lions vs Kolkata Knight Riders,Green Park,Gujarat Lions,field,Kolkata Knight Riders,124-8,Gujarat Lions,125-4,10,11,4,4
733993,2014-05-10,Sunrisers Hyderabad,8 wickets,Delhi Daredevils vs Sunrisers Hyderabad,Arun Jaitley Stadium Delhi,Sunrisers Hyderabad,field,Delhi Daredevils,143-7,Sunrisers Hyderabad,44-2,10,2,5,2
548313,2012-04-08,Pune Warriors,22 runs,Kings XI Punjab vs Pune Warriors,Subrata Roy Sahara Stadium,Pune Warriors,bat,Pune Warriors,166-6,Kings XI Punjab,144-8,10,11,8,4
1216496,2020-09-22,Rajasthan Royals,16 runs,Chennai Super Kings vs Rajasthan Royals,Sharjah Cricket Stadium,Chennai Super Kings,field,Rajasthan Royals,216-7,Chennai Super Kings,200-6,9,9,17,16
1254108,2021-09-26,Royal Challengers Bangalore,54 runs,Mumbai Indians vs Royal Challengers Bangalore,Dubai International Cricket Stadium,Mumbai Indians,field,Royal Challengers Bangalore,165-6,Mumbai Indians,111-10,12,11,9,1
1216547,2020-09-28,Tie,,Mumbai Indians vs Royal Challengers Bangalore,Dubai International Cricket Stadium,Mumbai Indians,field,Royal Challengers Bangalore,201-3,Mumbai Indians,201-5,17,6,10,16
548368,2012-05-14,Chennai Super Kings,5 wickets,Chennai Super Kings vs Kolkata Knight Riders,Eden Gardens,Chennai Super Kings,field,Kolkata Knight Riders,158-6,Chennai Super Kings,160-5,13,13,7,7
598070,2013-05-21,Chennai Super Kings,48 runs,Chennai Super Kings vs Mumbai Indians,Arun Jaitley Stadium Delhi,Chennai Super Kings,bat,Chennai Super Kings,192-1,Mumbai Indians,144-10,17,10,7,7
419140,2010-04-04,Delhi Daredevils,37 runs,Delhi Daredevils vs Royal Challengers Bangalore,Arun Jaitley Stadium Delhi,Delhi Daredevils,bat,Delhi Daredevils,184-5,Royal Challengers Bangalore,147-9,14,9,11,6
336038,2008-05-30,Rajasthan Royals,105 runs,Delhi Daredevils vs Rajasthan Royals,Wankhede Stadium Mumbai,Delhi Daredevils,field,Rajasthan Royals,192-9,Delhi Daredevils,87-10,19,9,10,1
1082620,2017-04-26,Kolkata Knight Riders,7 wickets,Kolkata Knight Riders vs Rising Pune Supergiant,Maharashtra Cricket Association Stadium Pune,Kolkata Knight Riders,field,Rising Pune Supergiant,182-5,Kolkata Knight Riders,184-3,16,17,6,7
501242,2011-05-05,Kochi Tuskers Kerala,17 runs,Kochi Tuskers Kerala vs Kolkata Knight Riders,Nehru Stadium,Kolkata Knight Riders,field,Kochi Tuskers Kerala,156-5,Kolkata Knight Riders,139-7,13,15,4,2
980903,2016-04-10,Kolkata Knight Riders,9 wickets,Delhi Daredevils vs Kolkata Knight Riders,Eden Gardens,Kolkata Knight Riders,field,Delhi Daredevils,98-10,Kolkata Knight Riders,99-1,8,15,3,0
1304073,2022-04-16,Royal Challengers Bangalore,16 runs,Delhi Capitals vs Royal Challengers Bangalore,Wankhede Stadium Mumbai,Delhi Capitals,field,Royal Challengers Bangalore,189-5,Delhi Capitals,173-7,19,11,8,10
335993,2008-04-26,Chennai Super Kings,9 wickets,Chennai Super Kings vs Kolkata Knight Riders,MA Chidambaram Stadium Chepauk Chennai,Kolkata Knight Riders,bat,Kolkata Knight Riders,147-9,Chennai Super Kings,152-1,14,12,4,5
598027,2013-04-23,Royal Challengers Bangalore,130 runs,Pune Warriors vs Royal Challengers Bangalore,M Chinnaswamy Stadium Bengaluru,Pune Warriors,field,Royal Challengers Bangalore,263-5,Pune Warriors,133-9,21,15,21,3
1216510,2020-09-24,Kings XI Punjab,97 runs,Kings XI Punjab vs Royal Challengers Bangalore,Dubai International Cricket Stadium,Royal Challengers Bangalore,field,Kings XI Punjab,206-3,Royal Challengers Bangalore,109-10,21,10,7,3
829765,2015-04-28,Chennai Super Kings,2 runs,Chennai Super Kings vs Kolkata Knight Riders,MA Chidambaram Stadium Chepauk Chennai,Kolkata Knight Riders,field,Chennai Super Kings,134-6,Kolkata Knight Riders,132-9,12,12,3,3
501215,2011-04-18,Kochi Tuskers Kerala,7 wickets,Chennai Super Kings vs Kochi Tuskers Kerala,Nehru Stadium,Kochi Tuskers Kerala,field,Chennai Super Kings,131-4,Kochi Tuskers Kerala,135-3,15,12,3,7
419117,2010-03-19,Deccan Chargers,6 runs,Deccan Chargers vs Kings XI Punjab,Barsapara Cricket Stadium Guwahati,Kings XI Punjab,field,Deccan Chargers,170-8,Kings XI Punjab,164-8,13,18,7,5
1178423,2019-04-29,Sunrisers Hyderabad,45 runs,Kings XI Punjab vs Sunrisers Hyderabad,Rajiv Gandhi International Stadium Uppal Hyderabad,Kings XI Punjab,field,Sunrisers Hyderabad,212-6,Kings XI Punjab,167-8,15,11,7,9
1304065,2022-04-10,Delhi Capitals,44 runs,Delhi Capitals vs Kolkata Knight Riders,Brabourne Stadium Mumbai,Kolkata Knight Riders,field,Delhi Capitals,215-5,Kolkata Knight Riders,171-10,18,14,11,8
335985,2008-04-20,Royal Challengers Bangalore,5 wickets,Mumbai Indians vs Royal Challengers Bangalore,Wankhede Stadium Mumbai,Mumbai Indians,bat,Mumbai Indians,165-7,Royal Challengers Bangalore,166-5,18,15,5,6
980915,2016-04-16,Kolkata Knight Riders,8 wickets,Kolkata Knight Riders vs Sunrisers Hyderabad,Rajiv Gandhi International Stadium Uppal Hyderabad,Sunrisers Hyderabad,bat,Sunrisers Hyderabad,142-7,Kolkata Knight Riders,146-2,9,16,5,2
829773,2015-05-02,Sunrisers Hyderabad,22 runs,Chennai Super Kings vs Sunrisers Hyderabad,Rajiv Gandhi International Stadium Uppal Hyderabad,Chennai Super Kings,field,Sunrisers Hyderabad,192-7,Chennai Super Kings,170-6,23,16,6,5
1216506,2020-11-01,Chennai Super Kings,9 wickets,Chennai Super Kings vs Kings XI Punjab,Sheikh Zayed Stadium,Chennai Super Kings,field,Kings XI Punjab,153-6,Chennai Super Kings,154-1,12,12,5,3
548329,2012-05-10,Delhi Daredevils,9 wickets,Deccan Chargers vs Delhi Daredevils,Rajiv Gandhi International Stadium Uppal Hyderabad,Deccan Chargers,bat,Deccan Chargers,187-4,Delhi Daredevils,193-1,23,13,7,12
598031,2013-04-26,Kolkata Knight Riders,6 wickets,Kings XI Punjab vs Kolkata Knight Riders,Eden Gardens,Kings XI Punjab,bat,Kings XI Punjab,149-6,Kolkata Knight Riders,150-4,15,14,4,7
501203,2011-04-11,Kolkata Knight Riders,9 runs,Deccan Chargers vs Kolkata Knight Riders,Eden Gardens,Kolkata Knight Riders,bat,Kolkata Knight Riders,163-4,Deccan Chargers,154-8,20,13,3,5
734041,2014-05-25,Mumbai Indians,5 wickets,Mumbai Indians vs Rajasthan Royals,Wankhede Stadium Mumbai,Mumbai Indians,field,Rajasthan Royals,189-4,Mumbai Indians,195-5,17,19,9,12
598066,2013-05-18,Kings XI Punjab,50 runs,Kings XI Punjab vs Mumbai Indians,Himachal Pradesh Cricket Association Stadium,Mumbai Indians,field,Kings XI Punjab,183-8,Mumbai Indians,133-9,24,10,5,5
501254,2011-05-13,Kings XI Punjab,6 wickets,Kings XI Punjab vs Kochi Tuskers Kerala,Holkar Cricket Stadium,Kings XI Punjab,field,Kochi Tuskers Kerala,178-7,Kings XI Punjab,181-4,12,17,7,10
1082636,2017-05-07,Kolkata Knight Riders,6 wickets,Kolkata Knight Riders vs Royal Challengers Bangalore,M Chinnaswamy Stadium Bengaluru,Kolkata Knight Riders,field,Royal Challengers Bangalore,158-6,Kolkata Knight Riders,159-4,11,12,6,10
419156,2010-04-16,Deccan Chargers,5 wickets,Deccan Chargers vs Kings XI Punjab,Himachal Pradesh Cricket Association Stadium,Deccan Chargers,field,Kings XI Punjab,174-3,Deccan Chargers,178-5,23,17,4,7
980949,2016-04-29,Gujarat Lions,3 wickets,Gujarat Lions vs Rising Pune Supergiants,Maharashtra Cricket Association Stadium Pune,Gujarat Lions,field,Rising Pune Supergiants,195-3,Gujarat Lions,196-7,15,22,7,3
1254115,2021-10-11,Kolkata Knight Riders,4 wickets,Kolkata Knight Riders vs Royal Challengers Bangalore,Sharjah Cricket Stadium,Royal Challengers Bangalore,bat,Royal Challengers Bangalore,138-7,Kolkata Knight Riders,139-6,12,8,0,5
1359500,2023-04-19,Lucknow Super Giants,10 runs,Lucknow Super Giants vs Rajasthan Royals,Sawai Mansingh Stadium Jaipur,Rajasthan Royals,field,Lucknow Super Giants,154-7,Rajasthan Royals,144-6,13,13,5,4
392210,2009-05-05,Rajasthan Royals,78 runs,Kings XI Punjab vs Rajasthan Royals,Kingsmead,Kings XI Punjab,field,Rajasthan Royals,211-4,Kings XI Punjab,133-8,25,11,8,4
501199,2011-04-09,Rajasthan Royals,8 wickets,Deccan Chargers vs Rajasthan Royals,Rajiv Gandhi International Stadium Uppal Hyderabad,Rajasthan Royals,field,Deccan Chargers,137-8,Rajasthan Royals,141-2,10,15,5,3
548375,2012-05-19,Kolkata Knight Riders,34 runs,Kolkata Knight Riders vs Pune Warriors,Subrata Roy Sahara Stadium,Kolkata Knight Riders,bat,Kolkata Knight Riders,136-4,Pune Warriors,102-8,12,1,2,2
336025,2008-05-18,Chennai Super Kings,3 runs,Chennai Super Kings vs Kolkata Knight Riders,Eden Gardens,Kolkata Knight Riders,bat,Kolkata Knight Riders,149-5,Chennai Super Kings,55-0,15,8,3,0
1178428,2019-05-04,Delhi Capitals,5 wickets,Delhi Capitals vs Rajasthan Royals,Arun Jaitley Stadium Delhi,Rajasthan Royals,bat,Rajasthan Royals,115-9,Delhi Capitals,121-5,8,5,3,8
1304081,2022-04-23,Gujarat Titans,8 runs,Gujarat Titans vs Kolkata Knight Riders,Dr DY Patil Sports Academy Mumbai,Gujarat Titans,bat,Gujarat Titans,156-9,Kolkata Knight Riders,148-8,10,11,5,9
548322,2012-04-14,Pune Warriors,7 wickets,Chennai Super Kings vs Pune Warriors,Subrata Roy Sahara Stadium,Chennai Super Kings,bat,Chennai Super Kings,155-5,Pune Warriors,156-3,13,12,4,5
392181,2009-04-18,Mumbai Indians,19 runs,Chennai Super Kings vs Mumbai Indians,Newlands,Chennai Super Kings,field,Mumbai Indians,165-7,Chennai Super Kings,146-7,19,10,3,6
501208,2011-04-14,Deccan Chargers,33 runs,Deccan Chargers vs Royal Challengers Bangalore,Rajiv Gandhi International Stadium Uppal Hyderabad,Royal Challengers Bangalore,field,Deccan Chargers,175-5,Royal Challengers Bangalore,142-9,17,12,6,3
829797,2015-05-10,Chennai Super Kings,12 runs,Chennai Super Kings vs Rajasthan Royals,MA Chidambaram Stadium Chepauk Chennai,Chennai Super Kings,bat,Chennai Super Kings,157-5,Rajasthan Royals,145-9,14,11,5,3
1304078,2022-04-20,Delhi Capitals,9 wickets,Delhi Capitals vs Punjab Kings,Brabourne Stadium Mumbai,Delhi Capitals,field,Punjab Kings,115-10,Delhi Capitals,119-1,15,18,1,2
335998,2008-04-30,Delhi Daredevils,10 runs,Delhi Daredevils vs Royal Challengers Bangalore,Arun Jaitley Stadium Delhi,Royal Challengers Bangalore,field,Delhi Daredevils,191-5,Royal Challengers Bangalore,181-5,21,16,5,7
1237180,2020-11-08,Delhi Capitals,17 runs,Delhi Capitals vs Sunrisers Hyderabad,Sheikh Zayed Stadium,Delhi Capitals,bat,Delhi Capitals,189-3,Sunrisers Hyderabad,172-8,16,12,5,9
1359541,2023-05-20,Chennai Super Kings,77 runs,Chennai Super Kings vs Delhi Capitals,Arun Jaitley Stadium Delhi,Chennai Super Kings,bat,Chennai Super Kings,223-3,Delhi Capitals,146-9,17,11,14,6
1304097,2022-05-06,Mumbai Indians,5 runs,Gujarat Titans vs Mumbai Indians,Brabourne Stadium Mumbai,Gujarat Titans,field,Mumbai Indians,177-6,Gujarat Titans,172-5,14,18,8,6
548334,2012-04-22,Kings XI Punjab,6 wickets,Kings XI Punjab vs Mumbai Indians,Wankhede Stadium Mumbai,Mumbai Indians,bat,Mumbai Indians,163-6,Kings XI Punjab,164-4,16,15,4,4
829781,2015-05-04,Kolkata Knight Riders,35 runs,Kolkata Knight Riders vs Sunrisers Hyderabad,Eden Gardens,Sunrisers Hyderabad,field,Kolkata Knight Riders,167-7,Sunrisers Hyderabad,132-9,16,8,3,6
392197,2009-04-27,Mumbai Indians,92 runs,Kolkata Knight Riders vs Mumbai Indians,St George's Park,Mumbai Indians,bat,Mumbai Indians,187-6,Kolkata Knight Riders,95-9,11,8,10,2
1254103,2021-09-29,Royal Challengers Bangalore,7 wickets,Rajasthan Royals vs Royal Challengers Bangalore,Dubai International Cricket Stadium,Royal Challengers Bangalore,field,Rajasthan Royals,149-9,Royal Challengers Bangalore,153-3,10,18,7,2
392206,2009-05-02,Chennai Super Kings,18 runs,Chennai Super Kings vs Delhi Daredevils,New Wanderers Stadium,Delhi Daredevils,field,Chennai Super Kings,163-10,Delhi Daredevils,145-8,15,15,5,4
1359516,2023-04-30,Mumbai Indians,6 wickets,Mumbai Indians vs Rajasthan Royals,Wankhede Stadium Mumbai,Rajasthan Royals,bat,Rajasthan Royals,212-7,Mumbai Indians,214-4,20,21,12,10
829739,2015-04-20,Kolkata Knight Riders,6 wickets,Delhi Daredevils vs Kolkata Knight Riders,Arun Jaitley Stadium Delhi,Kolkata Knight Riders,field,Delhi Daredevils,146-8,Kolkata Knight Riders,147-4,13,18,5,2
548363,2012-05-12,Mumbai Indians,27 runs,Kolkata Knight Riders vs Mumbai Indians,Eden Gardens,Mumbai Indians,bat,Mumbai Indians,182-1,Kolkata Knight Riders,155-4,19,14,7,4
336033,2008-05-24,Rajasthan Royals,10 runs,Chennai Super Kings vs Rajasthan Royals,MA Chidambaram Stadium Chepauk Chennai,Rajasthan Royals,bat,Rajasthan Royals,211-5,Chennai Super Kings,201-7,20,19,9,9
501249,2011-05-09,Chennai Super Kings,63 runs,Chennai Super Kings vs Rajasthan Royals,Sawai Mansingh Stadium Jaipur,Rajasthan Royals,field,Chennai Super Kings,196-3,Rajasthan Royals,133-10,19,11,6,1
1082596,2017-04-09,Sunrisers Hyderabad,9 wickets,Gujarat Lions vs Sunrisers Hyderabad,Rajiv Gandhi International Stadium Uppal Hyderabad,Sunrisers Hyderabad,field,Gujarat Lions,135-7,Sunrisers Hyderabad,140-1,11,12,2,5
1304111,2022-05-17,Sunrisers Hyderabad,3 runs,Mumbai Indians vs Sunrisers Hyderabad,Wankhede Stadium Mumbai,Mumbai Indians,field,Sunrisers Hyderabad,193-6,Mumbai Indians,190-7,17,12,8,11
734027,2014-05-22,Kolkata Knight Riders,30 runs,Kolkata Knight Riders vs Royal Challengers Bangalore,Eden Gardens,Royal Challengers Bangalore,field,Kolkata Knight Riders,195-4,Royal Challengers Bangalore,165-5,20,14,7,4
1175365,2019-03-30,Tie,,Delhi Capitals vs Kolkata Knight Riders,Arun Jaitley Stadium Delhi,Delhi Capitals,field,Kolkata Knight Riders,185-8,Delhi Capitals,185-6,17,20,9,6
1178412,2019-04-20,Delhi Capitals,5 wickets,Delhi Capitals vs Kings XI Punjab,Arun Jaitley Stadium Delhi,Delhi Capitals,field,Kings XI Punjab,163-7,Delhi Capitals,166-5,13,18,8,3
1304054,2022-04-01,Kolkata Knight Riders,6 wickets,Kolkata Knight Riders vs Punjab Kings,Wankhede Stadium Mumbai,Kolkata Knight Riders,field,Punjab Kings,137-10,Kolkata Knight Riders,141-4,11,11,8,9
733977,2014-05-04,Royal Challengers Bangalore,4 wickets,Royal Challengers Bangalore vs Sunrisers Hyderabad,M Chinnaswamy Stadium Bengaluru,Royal Challengers Bangalore,field,Sunrisers Hyderabad,155-6,Royal Challengers Bangalore,158-6,12,11,6,11
419130,2010-03-28,Mumbai Indians,41 runs,Deccan Chargers vs Mumbai Indians,Dr DY Patil Sports Academy Mumbai,Deccan Chargers,field,Mumbai Indians,172-7,Deccan Chargers,131-10,24,9,3,6
1082650,2017-05-21,Mumbai Indians,1 runs,Mumbai Indians vs Rising Pune Supergiant,Rajiv Gandhi International Stadium Uppal Hyderabad,Mumbai Indians,bat,Mumbai Indians,129-8,Rising Pune Supergiant,128-6,8,9,5,2
501232,2011-04-29,Royal Challengers Bangalore,26 runs,Pune Warriors vs Royal Challengers Bangalore,M Chinnaswamy Stadium Bengaluru,Pune Warriors,field,Royal Challengers Bangalore,181-5,Pune Warriors,155-5,13,11,10,6
1136584,2018-04-25,Chennai Super Kings,5 wickets,Chennai Super Kings vs Royal Challengers Bangalore,M Chinnaswamy Stadium Bengaluru,Chennai Super Kings,field,Royal Challengers Bangalore,205-8,Chennai Super Kings,207-5,9,9,16,17
548318,2012-04-12,Chennai Super Kings,5 wickets,Chennai Super Kings vs Royal Challengers Bangalore,MA Chidambaram Stadium Chepauk Chennai,Royal Challengers Bangalore,bat,Royal Challengers Bangalore,205-8,Chennai Super Kings,208-5,14,15,12,11
598000,2013-04-05,Sunrisers Hyderabad,22 runs,Pune Warriors vs Sunrisers Hyderabad,Rajiv Gandhi International Stadium Uppal Hyderabad,Pune Warriors,field,Sunrisers Hyderabad,126-6,Pune Warriors,104-10,12,6,1,2
1216537,2020-10-30,Rajasthan Royals,7 wickets,Kings XI Punjab vs Rajasthan Royals,Sheikh Zayed Stadium,Rajasthan Royals,field,Kings XI Punjab,185-4,Rajasthan Royals,186-3,10,17,13,10
1359490,2023-04-11,Mumbai Indians,6 wickets,Delhi Capitals vs Mumbai Indians,Arun Jaitley Stadium Delhi,Mumbai Indians,field,Delhi Capitals,172-10,Mumbai Indians,173-4,20,14,5,10
1136615,2018-05-20,Delhi Daredevils,11 runs,Delhi Daredevils vs Mumbai Indians,Arun Jaitley Stadium Delhi,Delhi Daredevils,bat,Delhi Daredevils,174-4,Mumbai Indians,163-10,13,10,7,9
980973,2016-05-08,Sunrisers Hyderabad,85 runs,Mumbai Indians vs Sunrisers Hyderabad,Dr. Y.S. Rajasekhara Reddy ACA-VDCA Cricket Stadium,Mumbai Indians,field,Sunrisers Hyderabad,177-3,Mumbai Indians,92-10,20,10,4,1
1254085,2021-05-02,Rajasthan Royals,55 runs,Rajasthan Royals vs Sunrisers Hyderabad,Arun Jaitley Stadium Delhi,Sunrisers Hyderabad,field,Rajasthan Royals,220-3,Sunrisers Hyderabad,165-8,17,13,12,7
501265,2011-05-21,No Result,,Delhi Daredevils vs Pune Warriors,Arun Jaitley Stadium Delhi,Delhi Daredevils,bat,Delhi Daredevils,56-3,,,3,0,2,0
1082607,2017-04-16,Rising Pune Supergiant,27 runs,Rising Pune Supergiant vs Royal Challengers Bangalore,M Chinnaswamy Stadium Bengaluru,Royal Challengers Bangalore,field,Rising Pune Supergiant,161-8,Royal Challengers Bangalore,134-9,17,7,4,5
598057,2013-05-12,Kolkata Knight Riders,5 wickets,Kolkata Knight Riders vs Royal Challengers Bangalore,JSCA International Stadium Complex,Kolkata Knight Riders,field,Royal Challengers Bangalore,115-9,Kolkata Knight Riders,116-5,5,13,2,1
829715,2015-04-12,Rajasthan Royals,3 wickets,Delhi Daredevils vs Rajasthan Royals,Arun Jaitley Stadium Delhi,Rajasthan Royals,field,Delhi Daredevils,184-3,Rajasthan Royals,186-7,12,15,10,8
1359486,2023-04-08,Chennai Super Kings,7 wickets,Chennai Super Kings vs Mumbai Indians,Wankhede Stadium Mumbai,Chennai Super Kings,field,Mumbai Indians,157-8,Chennai Super Kings,159-3,15,14,4,5
1254093,2021-10-05,Mumbai Indians,8 wickets,Mumbai Indians vs Rajasthan Royals,Sharjah Cricket Stadium,Mumbai Indians,field,Rajasthan Royals,90-9,Mumbai Indians,94-2,7,9,2,5
980965,2016-05-05,Rising Pune Supergiants,7 wickets,Delhi Daredevils vs Rising Pune Supergiants,Arun Jaitley Stadium Delhi,Rising Pune Supergiants,field,Delhi Daredevils,162-7,Rising Pune Supergiants,166-3,11,11,6,6
1136603,2018-05-11,Rajasthan Royals,4 wickets,Chennai Super Kings vs Rajasthan Royals,Sawai Mansingh Stadium Jaipur,Chennai Super Kings,bat,Chennai Super Kings,176-4,Rajasthan Royals,177-6,14,18,4,6
336009,2008-05-08,Chennai Super Kings,4 wickets,Chennai Super Kings vs Delhi Daredevils,Arun Jaitley Stadium Delhi,Chennai Super Kings,field,Delhi Daredevils,187-5,Chennai Super Kings,188-6,22,20,3,5
1082611,2017-04-19,Sunrisers Hyderabad,15 runs,Delhi Daredevils vs Sunrisers Hyderabad,Rajiv Gandhi International Stadium Uppal Hyderabad,Sunrisers Hyderabad,bat,Sunrisers Hyderabad,191-4,Delhi Daredevils,176-5,15,18,7,6
548359,2012-05-08,Kings XI Punjab,25 runs,Deccan Chargers vs Kings XI Punjab,Rajiv Gandhi International Stadium Uppal Hyderabad,Deccan Chargers,field,Kings XI Punjab,170-5,Deccan Chargers,145-8,17,10,5,4
598041,2013-05-02,Chennai Super Kings,15 runs,Chennai Super Kings vs Kings XI Punjab,MA Chidambaram Stadium Chepauk Chennai,Chennai Super Kings,bat,Chennai Super Kings,186-4,Kings XI Punjab,171-6,14,18,8,5
734031,2014-05-23,Mumbai Indians,15 runs,Delhi Daredevils vs Mumbai Indians,Wankhede Stadium Mumbai,Delhi Daredevils,field,Mumbai Indians,173-10,Delhi Daredevils,158-4,20,13,3,6
1304107,2022-05-14,Kolkata Knight Riders,54 runs,Kolkata Knight Riders vs Sunrisers Hyderabad,Maharashtra Cricket Association Stadium Pune,Kolkata Knight Riders,bat,Kolkata Knight Riders,177-6,Sunrisers Hyderabad,123-8,10,8,11,5
1178404,2019-04-14,Chennai Super Kings,5 wickets,Chennai Super Kings vs Kolkata Knight Riders,Eden Gardens,Chennai Super Kings,field,Kolkata Knight Riders,161-8,Chennai Super Kings,162-5,13,21,7,3
501224,2011-04-24,Mumbai Indians,37 runs,Deccan Chargers vs Mumbai Indians,Rajiv Gandhi International Stadium Uppal Hyderabad,Deccan Chargers,field,Mumbai Indians,172-4,Deccan Chargers,135-8,18,14,5,1
1082646,2017-05-14,Royal Challengers Bangalore,10 runs,Delhi Daredevils vs Royal Challengers Bangalore,Arun Jaitley Stadium Delhi,Royal Challengers Bangalore,bat,Royal Challengers Bangalore,161-6,Delhi Daredevils,151-10,11,13,7,6
419126,2010-03-26,Rajasthan Royals,8 wickets,Deccan Chargers vs Rajasthan Royals,Sardar Patel Stadium Motera,Deccan Chargers,bat,Deccan Chargers,148-9,Rajasthan Royals,151-2,8,11,6,9
1216521,2020-10-23,Mumbai Indians,10 wickets,Chennai Super Kings vs Mumbai Indians,Sharjah Cricket Stadium,Mumbai Indians,field,Chennai Super Kings,114-9,Mumbai Indians,116-0,9,11,3,7
598016,2013-04-16,Kings XI Punjab,4 runs,Kings XI Punjab vs Kolkata Knight Riders,Punjab Cricket Association IS Bindra Stadium Mohali Chandigarh,Kolkata Knight Riders,field,Kings XI Punjab,157-9,Kolkata Knight Riders,153-9,16,17,3,2
1136592,2018-05-02,Delhi Daredevils,4 runs,Delhi Daredevils vs Rajasthan Royals,Arun Jaitley Stadium Delhi,Rajasthan Royals,field,Delhi Daredevils,196-6,Rajasthan Royals,146-5,16,9,13,12
829723,2015-04-30,Kolkata Knight Riders,7 wickets,Chennai Super Kings vs Kolkata Knight Riders,Eden Gardens,Kolkata Knight Riders,field,Chennai Super Kings,165-9,Kolkata Knight Riders,169-3,19,11,5,7
548379,2012-05-23,Chennai Super Kings,38 runs,Chennai Super Kings vs Mumbai Indians,M Chinnaswamy Stadium Bengaluru,Mumbai Indians,field,Chennai Super Kings,187-5,Mumbai Indians,149-9,23,14,6,5
598061,2013-05-15,Pune Warriors,7 runs,Kolkata Knight Riders vs Pune Warriors,JSCA International Stadium Complex,Kolkata Knight Riders,field,Pune Warriors,170-4,Kolkata Knight Riders,163-7,11,15,9,4
419151,2010-04-12,Deccan Chargers,13 runs,Deccan Chargers vs Royal Challengers Bangalore,Vidarbha Cricket Association Stadium Jamtha,Royal Challengers Bangalore,field,Deccan Chargers,151-6,Royal Challengers Bangalore,138-10,11,9,5,3
336029,2008-05-21,Royal Challengers Bangalore,14 runs,Chennai Super Kings vs Royal Challengers Bangalore,MA Chidambaram Stadium Chepauk Chennai,Royal Challengers Bangalore,bat,Royal Challengers Bangalore,126-8,Chennai Super Kings,112-8,14,10,1,2
1082631,2017-05-03,Rising Pune Supergiant,4 wickets,Kolkata Knight Riders vs Rising Pune Supergiant,Eden Gardens,Rising Pune Supergiant,field,Kolkata Knight Riders,155-8,Rising Pune Supergiant,158-6,14,13,7,9
501253,2011-05-12,Chennai Super Kings,18 runs,Chennai Super Kings vs Delhi Daredevils,MA Chidambaram Stadium Chepauk Chennai,Chennai Super Kings,bat,Chennai Super Kings,176-4,Delhi Daredevils,158-6,15,11,8,6
980945,2016-04-27,Gujarat Lions,1 runs,Delhi Daredevils vs Gujarat Lions,Arun Jaitley Stadium Delhi,Delhi Daredevils,field,Gujarat Lions,172-6,Delhi Daredevils,171-5,14,11,7,9
1216501,2020-10-07,Kolkata Knight Riders,10 runs,Chennai Super Kings vs Kolkata Knight Riders,Sheikh Zayed Stadium,Kolkata Knight Riders,bat,Kolkata Knight Riders,167-10,Chennai Super Kings,157-5,14,18,5,3
598036,2013-04-29,Rajasthan Royals,4 wickets,Rajasthan Royals vs Royal Challengers Bangalore,Sawai Mansingh Stadium Jaipur,Rajasthan Royals,field,Royal Challengers Bangalore,171-6,Rajasthan Royals,173-6,15,16,5,5
501204,2011-04-12,Rajasthan Royals,6 wickets,Delhi Daredevils vs Rajasthan Royals,Sawai Mansingh Stadium Jaipur,Delhi Daredevils,bat,Delhi Daredevils,151-6,Rajasthan Royals,152-4,14,13,6,6
419106,2010-03-12,Kolkata Knight Riders,11 runs,Deccan Chargers vs Kolkata Knight Riders,Dr DY Patil Sports Academy Mumbai,Deccan Chargers,field,Kolkata Knight Riders,161-4,Deccan Chargers,150-7,11,11,8,4
335982,2008-04-18,Kolkata Knight Riders,140 runs,Kolkata Knight Riders vs Royal Challengers Bangalore,M Chinnaswamy Stadium Bengaluru,Royal Challengers Bangalore,field,Kolkata Knight Riders,222-3,Royal Challengers Bangalore,82-10,15,3,14,3
1304062,2022-04-08,Gujarat Titans,6 wickets,Gujarat Titans vs Punjab Kings,Brabourne Stadium Mumbai,Gujarat Titans,field,Punjab Kings,189-9,Gujarat Titans,190-4,18,22,9,4
1178424,2019-04-30,No Result,,Rajasthan Royals vs Royal Challengers Bangalore,M Chinnaswamy Stadium Bengaluru,Rajasthan Royals,field,Royal Challengers Bangalore,62-7,Rajasthan Royals,41-1,6,3,3,4
734011,2014-05-15,Rajasthan Royals,62 runs,Delhi Daredevils vs Rajasthan Royals,Sardar Patel Stadium Motera,Delhi Daredevils,field,Rajasthan Royals,201-6,Delhi Daredevils,139-9,13,12,12,3
598020,2013-04-18,Chennai Super Kings,86 runs,Chennai Super Kings vs Delhi Daredevils,Arun Jaitley Stadium Delhi,Chennai Super Kings,bat,Chennai Super Kings,169-4,Delhi Daredevils,83-10,19,5,3,1
1216517,2020-10-18,Tie,,Kings XI Punjab vs Mumbai Indians,Dubai International Cricket Stadium,Mumbai Indians,bat,Mumbai Indians,176-6,Kings XI Punjab,176-6,15,14,9,8
419110,2010-03-14,Deccan Chargers,31 runs,Chennai Super Kings vs Deccan Chargers,MA Chidambaram Stadium Chepauk Chennai,Deccan Chargers,bat,Deccan Chargers,190-4,Chennai Super Kings,159-9,18,7,8,10
501212,2011-04-16,Kings XI Punjab,8 wickets,Deccan Chargers vs Kings XI Punjab,Rajiv Gandhi International Stadium Uppal Hyderabad,Kings XI Punjab,field,Deccan Chargers,165-8,Kings XI Punjab,166-2,17,15,3,8
335994,2008-04-27,Deccan Chargers,10 wickets,Deccan Chargers vs Mumbai Indians,Dr DY Patil Sports Academy Mumbai,Deccan Chargers,field,Mumbai Indians,154-7,Deccan Chargers,155-0,14,13,5,11
1304074,2022-04-17,Sunrisers Hyderabad,7 wickets,Punjab Kings vs Sunrisers Hyderabad,Dr DY Patil Sports Academy Mumbai,Sunrisers Hyderabad,field,Punjab Kings,151-10,Sunrisers Hyderabad,152-3,13,12,7,4
734007,2014-05-14,Kings XI Punjab,6 wickets,Kings XI Punjab vs Sunrisers Hyderabad,Rajiv Gandhi International Stadium Uppal Hyderabad,Kings XI Punjab,field,Sunrisers Hyderabad,205-5,Kings XI Punjab,211-4,14,19,12,12
1216540,2020-10-12,Royal Challengers Bangalore,82 runs,Kolkata Knight Riders vs Royal Challengers Bangalore,Sharjah Cricket Stadium,Royal Challengers Bangalore,bat,Royal Challengers Bangalore,194-2,Kolkata Knight Riders,112-9,14,8,8,2
829735,2015-04-19,Rajasthan Royals,8 wickets,Chennai Super Kings vs Rajasthan Royals,Sardar Patel Stadium Motera,Chennai Super Kings,bat,Chennai Super Kings,156-4,Rajasthan Royals,157-2,18,12,3,6
501245,2011-05-07,Kolkata Knight Riders,10 runs,Chennai Super Kings vs Kolkata Knight Riders,Eden Gardens,Chennai Super Kings,bat,Chennai Super Kings,114-4,Kolkata Knight Riders,61-2,6,7,2,0
1082627,2017-04-30,Sunrisers Hyderabad,48 runs,Kolkata Knight Riders vs Sunrisers Hyderabad,Rajiv Gandhi International Stadium Uppal Hyderabad,Kolkata Knight Riders,field,Sunrisers Hyderabad,209-3,Kolkata Knight Riders,161-7,17,12,9,5
419147,2010-04-10,Deccan Chargers,6 wickets,Chennai Super Kings vs Deccan Chargers,Vidarbha Cricket Association Stadium Jamtha,Chennai Super Kings,bat,Chennai Super Kings,138-8,Deccan Chargers,139-4,9,8,3,6
548380,2012-05-25,Chennai Super Kings,86 runs,Chennai Super Kings vs Delhi Daredevils,MA Chidambaram Stadium Chepauk Chennai,Delhi Daredevils,field,Chennai Super Kings,222-5,Delhi Daredevils,136-10,24,7,9,7
980953,2016-04-30,Sunrisers Hyderabad,15 runs,Royal Challengers Bangalore vs Sunrisers Hyderabad,Rajiv Gandhi International Stadium Uppal Hyderabad,Royal Challengers Bangalore,field,Sunrisers Hyderabad,194-5,Royal Challengers Bangalore,179-6,19,14,8,6
1136567,2018-04-12,Sunrisers Hyderabad,1 wickets,Mumbai Indians vs Sunrisers Hyderabad,Rajiv Gandhi International Stadium Uppal Hyderabad,Sunrisers Hyderabad,field,Mumbai Indians,147-8,Sunrisers Hyderabad,151-9,15,18,6,1
548314,2012-04-09,Mumbai Indians,5 wickets,Deccan Chargers vs Mumbai Indians,Dr. Y.S. Rajasekhara Reddy ACA-VDCA Cricket Stadium,Deccan Chargers,bat,Deccan Chargers,138-9,Mumbai Indians,142-5,6,8,8,8
1136588,2018-04-29,Sunrisers Hyderabad,11 runs,Rajasthan Royals vs Sunrisers Hyderabad,Sawai Mansingh Stadium Jaipur,Sunrisers Hyderabad,bat,Sunrisers Hyderabad,151-7,Rajasthan Royals,140-6,15,9,2,2
1175369,2019-04-02,Rajasthan Royals,7 wickets,Rajasthan Royals vs Royal Challengers Bangalore,Sawai Mansingh Stadium Jaipur,Rajasthan Royals,field,Royal Challengers Bangalore,158-4,Rajasthan Royals,164-3,18,17,3,3
1304058,2022-04-04,Lucknow Super Giants,12 runs,Lucknow Super Giants vs Sunrisers Hyderabad,Dr DY Patil Sports Academy Mumbai,Sunrisers Hyderabad,field,Lucknow Super Giants,169-7,Sunrisers Hyderabad,157-9,14,12,6,5
336013,2008-05-10,Chennai Super Kings,18 runs,Chennai Super Kings vs Kings XI Punjab,MA Chidambaram Stadium Chepauk Chennai,Kings XI Punjab,field,Chennai Super Kings,181-4,Kings XI Punjab,163-9,14,8,7,10
501269,2011-05-25,Mumbai Indians,4 wickets,Kolkata Knight Riders vs Mumbai Indians,Wankhede Stadium Mumbai,Mumbai Indians,field,Kolkata Knight Riders,147-7,Mumbai Indians,148-6,15,18,3,3
829719,2015-04-13,Sunrisers Hyderabad,8 wickets,Royal Challengers Bangalore vs Sunrisers Hyderabad,M Chinnaswamy Stadium Bengaluru,Sunrisers Hyderabad,field,Royal Challengers Bangalore,166-10,Sunrisers Hyderabad,172-2,15,14,7,7
548343,2012-04-28,Kings XI Punjab,7 runs,Chennai Super Kings vs Kings XI Punjab,MA Chidambaram Stadium Chepauk Chennai,Kings XI Punjab,bat,Kings XI Punjab,156-8,Chennai Super Kings,149-8,14,11,4,5
392226,2009-05-15,Kings XI Punjab,6 wickets,Delhi Daredevils vs Kings XI Punjab,OUTsurance Oval,Kings XI Punjab,field,Delhi Daredevils,120-9,Kings XI Punjab,123-4,6,12,1,4
1254066,2021-04-17,Mumbai Indians,13 runs,Mumbai Indians vs Sunrisers Hyderabad,MA Chidambaram Stadium Chepauk Chennai,Mumbai Indians,bat,Mumbai Indians,150-5,Sunrisers Hyderabad,137-10,10,7,6,8
1359536,2023-05-15,Gujarat Titans,34 runs,Gujarat Titans vs Sunrisers Hyderabad,Narendra Modi Stadium Ahmedabad,Sunrisers Hyderabad,field,Gujarat Titans,188-9,Sunrisers Hyderabad,154-9,22,13,2,5
1254089,2021-10-02,Rajasthan Royals,7 wickets,Chennai Super Kings vs Rajasthan Royals,Zayed Cricket Stadium Abu Dhabi,Rajasthan Royals,field,Chennai Super Kings,189-4,Rajasthan Royals,190-3,16,17,8,10
1136619,2018-05-25,Sunrisers Hyderabad,14 runs,Kolkata Knight Riders vs Sunrisers Hyderabad,Eden Gardens,Kolkata Knight Riders,field,Sunrisers Hyderabad,174-7,Kolkata Knight Riders,160-9,16,15,7,7
336005,2008-05-04,Rajasthan Royals,8 wickets,Chennai Super Kings vs Rajasthan Royals,Sawai Mansingh Stadium Jaipur,Chennai Super Kings,bat,Chennai Super Kings,109-10,Rajasthan Royals,110-2,12,10,1,2
548355,2012-05-06,Mumbai Indians,2 wickets,Chennai Super Kings vs Mumbai Indians,Wankhede Stadium Mumbai,Mumbai Indians,field,Chennai Super Kings,173-8,Mumbai Indians,174-8,13,21,8,5
1359520,2023-05-03,Mumbai Indians,6 wickets,Mumbai Indians vs Punjab Kings,Punjab Cricket Association IS Bindra Stadium Mohali Chandigarh,Mumbai Indians,field,Punjab Kings,214-3,Mumbai Indians,216-4,20,23,7,9
1254070,2021-04-20,Delhi Capitals,6 wickets,Delhi Capitals vs Mumbai Indians,MA Chidambaram Stadium Chepauk Chennai,Mumbai Indians,bat,Mumbai Indians,137-9,Delhi Capitals,138-4,10,14,4,1
392230,2009-05-17,Delhi Daredevils,14 runs,Delhi Daredevils vs Rajasthan Royals,OUTsurance Oval,Delhi Daredevils,bat,Delhi Daredevils,150-3,Rajasthan Royals,136-9,11,13,2,1
980969,2016-05-07,Royal Challengers Bangalore,7 wickets,Rising Pune Supergiants vs Royal Challengers Bangalore,M Chinnaswamy Stadium Bengaluru,Royal Challengers Bangalore,field,Rising Pune Supergiants,191-6,Royal Challengers Bangalore,195-3,20,14,7,11
501228,2011-04-27,Chennai Super Kings,8 wickets,Chennai Super Kings vs Pune Warriors,Dr DY Patil Sports Academy Mumbai,Pune Warriors,bat,Pune Warriors,141-6,Chennai Super Kings,145-2,11,9,6,5
1136571,2018-04-15,Rajasthan Royals,19 runs,Rajasthan Royals vs Royal Challengers Bangalore,M Chinnaswamy Stadium Bengaluru,Royal Challengers Bangalore,field,Rajasthan Royals,217-4,Royal Challengers Bangalore,198-6,14,20,14,7
1178408,2019-04-17,Sunrisers Hyderabad,6 wickets,Chennai Super Kings vs Sunrisers Hyderabad,Rajiv Gandhi International Stadium Uppal Hyderabad,Chennai Super Kings,bat,Chennai Super Kings,132-5,Sunrisers Hyderabad,137-4,11,14,3,3
1178409,2019-04-18,Mumbai Indians,40 runs,Delhi Capitals vs Mumbai Indians,Arun Jaitley Stadium Delhi,Mumbai Indians,bat,Mumbai Indians,168-5,Delhi Capitals,128-9,14,8,6,4
501229,2011-04-27,Deccan Chargers,55 runs,Deccan Chargers vs Kochi Tuskers Kerala,Nehru Stadium,Kochi Tuskers Kerala,field,Deccan Chargers,129-7,Kochi Tuskers Kerala,74-10,13,9,1,0
1136570,2018-04-14,Sunrisers Hyderabad,5 wickets,Kolkata Knight Riders vs Sunrisers Hyderabad,Eden Gardens,Sunrisers Hyderabad,field,Kolkata Knight Riders,138-8,Sunrisers Hyderabad,139-5,12,14,4,3
829759,2015-04-27,Sunrisers Hyderabad,20 runs,Kings XI Punjab vs Sunrisers Hyderabad,Punjab Cricket Association IS Bindra Stadium Mohali Chandigarh,Kings XI Punjab,field,Sunrisers Hyderabad,150-6,Kings XI Punjab,130-9,17,7,3,2
981011,2016-05-22,Royal Challengers Bangalore,6 wickets,Delhi Daredevils vs Royal Challengers Bangalore,Shaheed Veer Narayan Singh International Stadium,Royal Challengers Bangalore,field,Delhi Daredevils,138-8,Royal Challengers Bangalore,139-4,9,13,3,2
733983,2014-05-06,Mumbai Indians,19 runs,Mumbai Indians vs Royal Challengers Bangalore,Wankhede Stadium Mumbai,Royal Challengers Bangalore,field,Mumbai Indians,187-5,Royal Challengers Bangalore,168-8,14,15,8,8
1254071,2021-04-21,Sunrisers Hyderabad,9 wickets,Punjab Kings vs Sunrisers Hyderabad,MA Chidambaram Stadium Chepauk Chennai,Punjab Kings,bat,Punjab Kings,120-10,Sunrisers Hyderabad,121-1,7,6,2,4
1359521,2023-05-04,Kolkata Knight Riders,5 runs,Kolkata Knight Riders vs Sunrisers Hyderabad,Rajiv Gandhi International Stadium Uppal Hyderabad,Kolkata Knight Riders,bat,Kolkata Knight Riders,171-9,Sunrisers Hyderabad,166-8,16,15,6,5
392231,2009-05-18,Kolkata Knight Riders,7 wickets,Chennai Super Kings vs Kolkata Knight Riders,SuperSport Park,Chennai Super Kings,bat,Chennai Super Kings,188-3,Kolkata Knight Riders,189-3,16,17,6,8
980987,2016-05-14,Royal Challengers Bangalore,144 runs,Gujarat Lions vs Royal Challengers Bangalore,M Chinnaswamy Stadium Bengaluru,Gujarat Lions,field,Royal Challengers Bangalore,248-3,Gujarat Lions,104-10,17,9,20,2
336004,2008-05-04,Mumbai Indians,29 runs,Delhi Daredevils vs Mumbai Indians,Dr DY Patil Sports Academy Mumbai,Delhi Daredevils,field,Mumbai Indians,162-8,Delhi Daredevils,133-10,14,9,8,5
548354,2012-05-05,Rajasthan Royals,43 runs,Kings XI Punjab vs Rajasthan Royals,Punjab Cricket Association IS Bindra Stadium Mohali Chandigarh,Rajasthan Royals,bat,Rajasthan Royals,177-6,Kings XI Punjab,134-8,18,13,6,3
980991,2016-05-15,Sunrisers Hyderabad,7 wickets,Kings XI Punjab vs Sunrisers Hyderabad,Punjab Cricket Association IS Bindra Stadium Mohali Chandigarh,Kings XI Punjab,bat,Kings XI Punjab,179-4,Sunrisers Hyderabad,180-3,23,15,3,7
392227,2009-05-16,Chennai Super Kings,7 wickets,Chennai Super Kings vs Mumbai Indians,St George's Park,Mumbai Indians,bat,Mumbai Indians,147-5,Chennai Super Kings,151-3,9,10,6,4
1359537,2023-05-16,Lucknow Super Giants,5 runs,Lucknow Super Giants vs Mumbai Indians,Bharat Ratna Shri Atal Bihari Vajpayee Ekana Cricket Stadium Lucknow,Mumbai Indians,field,Lucknow Super Giants,177-4,Mumbai Indians,172-5,6,12,11,7
1254067,2021-04-18,Royal Challengers Bangalore,38 runs,Kolkata Knight Riders vs Royal Challengers Bangalore,MA Chidambaram Stadium Chepauk Chennai,Royal Challengers Bangalore,bat,Royal Challengers Bangalore,204-4,Kolkata Knight Riders,166-8,22,14,7,9
1254088,2021-10-08,Mumbai Indians,42 runs,Mumbai Indians vs Sunrisers Hyderabad,Zayed Cricket Stadium Abu Dhabi,Mumbai Indians,bat,Mumbai Indians,235-9,Sunrisers Hyderabad,193-8,30,21,8,4
1136618,2018-05-23,Kolkata Knight Riders,25 runs,Kolkata Knight Riders vs Rajasthan Royals,Eden Gardens,Rajasthan Royals,field,Kolkata Knight Riders,169-7,Rajasthan Royals,144-4,13,11,8,5
336012,2008-05-28,Mumbai Indians,9 wickets,Mumbai Indians vs Royal Challengers Bangalore,M Chinnaswamy Stadium Bengaluru,Mumbai Indians,field,Royal Challengers Bangalore,122-9,Mumbai Indians,126-1,11,10,2,6
501268,2011-05-24,Chennai Super Kings,6 wickets,Chennai Super Kings vs Royal Challengers Bangalore,Wankhede Stadium Mumbai,Chennai Super Kings,field,Royal Challengers Bangalore,175-4,Chennai Super Kings,177-4,13,14,7,10
548342,2012-04-27,Delhi Daredevils,37 runs,Delhi Daredevils vs Mumbai Indians,Arun Jaitley Stadium Delhi,Mumbai Indians,field,Delhi Daredevils,207-5,Mumbai Indians,170-9,22,17,9,6
1175368,2019-04-01,Kings XI Punjab,14 runs,Delhi Capitals vs Kings XI Punjab,Punjab Cricket Association IS Bindra Stadium Mohali Chandigarh,Delhi Capitals,field,Kings XI Punjab,166-9,Delhi Capitals,152-10,17,17,5,3
1304059,2022-04-05,Royal Challengers Bangalore,4 wickets,Rajasthan Royals vs Royal Challengers Bangalore,Wankhede Stadium Mumbai,Royal Challengers Bangalore,field,Rajasthan Royals,169-3,Royal Challengers Bangalore,173-6,6,20,11,5
980929,2016-04-21,Sunrisers Hyderabad,10 wickets,Gujarat Lions vs Sunrisers Hyderabad,Saurashtra Cricket Association Stadium,Sunrisers Hyderabad,field,Gujarat Lions,135-8,Sunrisers Hyderabad,137-0,11,14,1,0
1136566,2018-04-11,Rajasthan Royals,10 runs,Delhi Daredevils vs Rajasthan Royals,Sawai Mansingh Stadium Jaipur,Delhi Daredevils,field,Rajasthan Royals,153-5,Delhi Daredevils,60-4,11,7,6,2
733995,2014-05-10,Chennai Super Kings,4 wickets,Chennai Super Kings vs Mumbai Indians,Wankhede Stadium Mumbai,Chennai Super Kings,field,Mumbai Indians,157-6,Chennai Super Kings,160-6,10,13,8,6
548315,2012-04-10,Kolkata Knight Riders,42 runs,Kolkata Knight Riders vs Royal Challengers Bangalore,M Chinnaswamy Stadium Bengaluru,Royal Challengers Bangalore,field,Kolkata Knight Riders,165-8,Royal Challengers Bangalore,123-9,15,8,6,3
1136589,2018-04-29,Kolkata Knight Riders,6 wickets,Kolkata Knight Riders vs Royal Challengers Bangalore,M Chinnaswamy Stadium Bengaluru,Kolkata Knight Riders,field,Royal Challengers Bangalore,175-4,Kolkata Knight Riders,176-5,12,18,9,6
981007,2016-05-21,Gujarat Lions,6 wickets,Gujarat Lions vs Mumbai Indians,Green Park,Gujarat Lions,field,Mumbai Indians,172-8,Gujarat Lions,173-4,17,24,7,5
1216541,2020-10-25,Rajasthan Royals,8 wickets,Mumbai Indians vs Rajasthan Royals,Sheikh Zayed Stadium,Mumbai Indians,bat,Mumbai Indians,195-5,Rajasthan Royals,196-2,14,21,12,7
501244,2011-05-06,Royal Challengers Bangalore,85 runs,Kings XI Punjab vs Royal Challengers Bangalore,M Chinnaswamy Stadium Bengaluru,Kings XI Punjab,field,Royal Challengers Bangalore,205-6,Kings XI Punjab,120-9,23,11,11,1
1082626,2017-04-30,Kings XI Punjab,10 wickets,Delhi Daredevils vs Kings XI Punjab,Punjab Cricket Association IS Bindra Stadium Mohali Chandigarh,Kings XI Punjab,field,Delhi Daredevils,67-10,Kings XI Punjab,68-0,3,7,2,3
419146,2010-04-09,Kings XI Punjab,6 wickets,Kings XI Punjab vs Mumbai Indians,Punjab Cricket Association IS Bindra Stadium Mohali Chandigarh,Mumbai Indians,bat,Mumbai Indians,154-9,Kings XI Punjab,158-4,15,20,2,3
548381,2012-05-27,Kolkata Knight Riders,5 wickets,Chennai Super Kings vs Kolkata Knight Riders,MA Chidambaram Stadium Chepauk Chennai,Chennai Super Kings,bat,Chennai Super Kings,190-3,Kolkata Knight Riders,192-5,13,18,8,6
980905,2016-04-11,Gujarat Lions,5 wickets,Gujarat Lions vs Kings XI Punjab,Punjab Cricket Association IS Bindra Stadium Mohali Chandigarh,Gujarat Lions,field,Kings XI Punjab,161-6,Gujarat Lions,162-5,14,22,4,2
1304075,2022-04-17,Gujarat Titans,3 wickets,Chennai Super Kings vs Gujarat Titans,Maharashtra Cricket Association Stadium Pune,Gujarat Titans,field,Chennai Super Kings,169-5,Gujarat Titans,170-7,11,12,9,9
335995,2008-04-27,Kings XI Punjab,4 wickets,Delhi Daredevils vs Kings XI Punjab,Punjab Cricket Association IS Bindra Stadium Mohali Chandigarh,Delhi Daredevils,bat,Delhi Daredevils,158-8,Kings XI Punjab,162-6,18,19,2,3
829763,2015-04-29,No Result,,Rajasthan Royals vs Royal Challengers Bangalore,M Chinnaswamy Stadium Bengaluru,Rajasthan Royals,field,Royal Challengers Bangalore,200-7,,,25,0,5,0
548339,2012-04-25,Mumbai Indians,4 wickets,Kings XI Punjab vs Mumbai Indians,Punjab Cricket Association IS Bindra Stadium Mohali Chandigarh,Kings XI Punjab,bat,Kings XI Punjab,168-3,Mumbai Indians,171-6,12,13,7,6
598021,2013-04-19,Sunrisers Hyderabad,5 wickets,Kings XI Punjab vs Sunrisers Hyderabad,Rajiv Gandhi International Stadium Uppal Hyderabad,Kings XI Punjab,bat,Kings XI Punjab,123-9,Sunrisers Hyderabad,127-5,9,10,4,3
1216516,2020-10-02,Sunrisers Hyderabad,7 runs,Chennai Super Kings vs Sunrisers Hyderabad,Dubai International Cricket Stadium,Sunrisers Hyderabad,bat,Sunrisers Hyderabad,164-5,Chennai Super Kings,157-5,19,14,2,5
419111,2010-03-15,Delhi Daredevils,6 wickets,Delhi Daredevils vs Rajasthan Royals,Sardar Patel Stadium Motera,Delhi Daredevils,field,Rajasthan Royals,141-6,Delhi Daredevils,142-4,14,12,4,5
501213,2011-04-17,Delhi Daredevils,3 wickets,Delhi Daredevils vs Pune Warriors,Dr DY Patil Sports Academy Mumbai,Delhi Daredevils,field,Pune Warriors,187-5,Delhi Daredevils,190-7,13,16,11,9
1304063,2022-04-09,Sunrisers Hyderabad,8 wickets,Chennai Super Kings vs Sunrisers Hyderabad,Dr DY Patil Sports Academy Mumbai,Sunrisers Hyderabad,field,Chennai Super Kings,154-7,Sunrisers Hyderabad,155-2,14,13,3,6
335983,2008-04-19,Chennai Super Kings,33 runs,Chennai Super Kings vs Kings XI Punjab,Punjab Cricket Association IS Bindra Stadium Mohali Chandigarh,Chennai Super Kings,bat,Chennai Super Kings,240-5,Kings XI Punjab,207-4,20,18,16,9
980913,2016-04-15,Delhi Daredevils,8 wickets,Delhi Daredevils vs Kings XI Punjab,Arun Jaitley Stadium Delhi,Delhi Daredevils,field,Kings XI Punjab,111-9,Delhi Daredevils,113-2,11,12,2,3
1178425,2019-05-01,Chennai Super Kings,80 runs,Chennai Super Kings vs Delhi Capitals,MA Chidambaram Stadium Chepauk Chennai,Delhi Capitals,field,Chennai Super Kings,179-4,Delhi Capitals,99-10,17,9,8,2
1216500,2020-10-09,Delhi Capitals,46 runs,Delhi Capitals vs Rajasthan Royals,Sharjah Cricket Stadium,Rajasthan Royals,field,Delhi Capitals,184-8,Rajasthan Royals,138-10,11,8,11,6
598037,2013-04-29,Mumbai Indians,4 runs,Kings XI Punjab vs Mumbai Indians,Wankhede Stadium Mumbai,Mumbai Indians,bat,Mumbai Indians,174-3,Kings XI Punjab,170-10,14,11,9,9
829775,2015-05-03,Mumbai Indians,23 runs,Kings XI Punjab vs Mumbai Indians,Punjab Cricket Association IS Bindra Stadium Mohali Chandigarh,Mumbai Indians,bat,Mumbai Indians,172-3,Kings XI Punjab,149-7,17,10,4,3
501205,2011-04-12,Mumbai Indians,9 wickets,Mumbai Indians vs Royal Challengers Bangalore,M Chinnaswamy Stadium Bengaluru,Mumbai Indians,field,Royal Challengers Bangalore,140-4,Mumbai Indians,143-1,12,18,3,2
419107,2010-03-13,Mumbai Indians,4 runs,Mumbai Indians vs Rajasthan Royals,Brabourne Stadium Mumbai,Mumbai Indians,bat,Mumbai Indians,212-7,Rajasthan Royals,208-7,23,18,6,11
734047,2014-05-30,Kings XI Punjab,24 runs,Chennai Super Kings vs Kings XI Punjab,Wankhede Stadium Mumbai,Chennai Super Kings,field,Kings XI Punjab,226-6,Chennai Super Kings,202-7,19,17,13,10
548378,2012-05-22,Kolkata Knight Riders,18 runs,Delhi Daredevils vs Kolkata Knight Riders,Subrata Roy Sahara Stadium,Kolkata Knight Riders,bat,Kolkata Knight Riders,162-4,Delhi Daredevils,144-8,14,14,6,3
598060,2013-05-13,Mumbai Indians,7 wickets,Mumbai Indians vs Sunrisers Hyderabad,Wankhede Stadium Mumbai,Sunrisers Hyderabad,bat,Sunrisers Hyderabad,178-3,Mumbai Indians,184-4,18,13,5,11
419150,2010-04-11,Mumbai Indians,37 runs,Mumbai Indians vs Rajasthan Royals,Sawai Mansingh Stadium Jaipur,Rajasthan Royals,field,Mumbai Indians,174-5,Rajasthan Royals,137-8,20,7,3,5
1082630,2017-05-02,Delhi Daredevils,6 wickets,Delhi Daredevils vs Sunrisers Hyderabad,Arun Jaitley Stadium Delhi,Delhi Daredevils,field,Sunrisers Hyderabad,185-3,Delhi Daredevils,189-4,22,15,4,10
336028,2008-05-21,Kings XI Punjab,1 runs,Kings XI Punjab vs Mumbai Indians,Wankhede Stadium Mumbai,Mumbai Indians,field,Kings XI Punjab,189-4,Mumbai Indians,188-10,18,17,8,6
501252,2011-05-11,Royal Challengers Bangalore,9 wickets,Rajasthan Royals vs Royal Challengers Bangalore,Sawai Mansingh Stadium Jaipur,Royal Challengers Bangalore,field,Rajasthan Royals,146-6,Royal Challengers Bangalore,151-1,12,18,3,5
501225,2011-04-24,Rajasthan Royals,8 wickets,Kochi Tuskers Kerala vs Rajasthan Royals,Sawai Mansingh Stadium Jaipur,Rajasthan Royals,field,Kochi Tuskers Kerala,109-10,Rajasthan Royals,111-2,8,12,0,3
1082647,2017-05-16,Rising Pune Supergiant,20 runs,Mumbai Indians vs Rising Pune Supergiant,Wankhede Stadium Mumbai,Mumbai Indians,field,Rising Pune Supergiant,162-4,Mumbai Indians,142-9,9,7,8,7
419127,2010-03-27,Kolkata Knight Riders,39 runs,Kings XI Punjab vs Kolkata Knight Riders,Punjab Cricket Association IS Bindra Stadium Mohali Chandigarh,Kolkata Knight Riders,bat,Kolkata Knight Riders,183-5,Kings XI Punjab,144-6,20,13,3,3
1216520,2020-10-26,Kings XI Punjab,8 wickets,Kings XI Punjab vs Kolkata Knight Riders,Sharjah Cricket Stadium,Kings XI Punjab,field,Kolkata Knight Riders,149-9,Kings XI Punjab,150-2,12,14,8,7
1178393,2019-04-06,Chennai Super Kings,22 runs,Chennai Super Kings vs Kings XI Punjab,MA Chidambaram Stadium Chepauk Chennai,Chennai Super Kings,bat,Chennai Super Kings,160-3,Kings XI Punjab,138-5,11,9,7,3
598017,2013-04-16,Tie,,Delhi Daredevils vs Royal Challengers Bangalore,M Chinnaswamy Stadium Bengaluru,Royal Challengers Bangalore,field,Delhi Daredevils,152-5,Royal Challengers Bangalore,152-7,17,12,2,5
1136593,2018-05-03,Kolkata Knight Riders,6 wickets,Chennai Super Kings vs Kolkata Knight Riders,Eden Gardens,Kolkata Knight Riders,field,Chennai Super Kings,177-5,Kolkata Knight Riders,180-4,17,20,7,7
1175372,2019-04-05,Kolkata Knight Riders,5 wickets,Kolkata Knight Riders vs Royal Challengers Bangalore,M Chinnaswamy Stadium Bengaluru,Kolkata Knight Riders,field,Royal Challengers Bangalore,205-3,Kolkata Knight Riders,206-5,20,15,7,12
1304106,2022-05-13,Punjab Kings,54 runs,Punjab Kings vs Royal Challengers Bangalore,Brabourne Stadium Mumbai,Royal Challengers Bangalore,field,Punjab Kings,209-9,Royal Challengers Bangalore,155-9,16,13,14,5
1312197,2022-05-24,Gujarat Titans,7 wickets,Gujarat Titans vs Rajasthan Royals,Eden Gardens Kolkata,Gujarat Titans,field,Rajasthan Royals,188-6,Gujarat Titans,191-3,19,19,7,6
980933,2016-04-23,Delhi Daredevils,10 runs,Delhi Daredevils vs Mumbai Indians,Arun Jaitley Stadium Delhi,Mumbai Indians,field,Delhi Daredevils,164-4,Mumbai Indians,154-7,12,15,5,4
729317,2014-04-30,Sunrisers Hyderabad,15 runs,Mumbai Indians vs Sunrisers Hyderabad,Dubai International Cricket Stadium,Mumbai Indians,field,Sunrisers Hyderabad,172-5,Mumbai Indians,157-7,11,14,5,6
1178405,2019-04-14,Delhi Capitals,39 runs,Delhi Capitals vs Sunrisers Hyderabad,Rajiv Gandhi International Stadium Uppal Hyderabad,Sunrisers Hyderabad,field,Delhi Capitals,155-7,Sunrisers Hyderabad,116-10,14,8,4,2
1082610,2017-04-18,Royal Challengers Bangalore,21 runs,Gujarat Lions vs Royal Challengers Bangalore,Saurashtra Cricket Association Stadium,Gujarat Lions,field,Royal Challengers Bangalore,213-2,Gujarat Lions,192-7,19,10,11,14
336008,2008-05-07,Mumbai Indians,7 wickets,Mumbai Indians vs Rajasthan Royals,Dr DY Patil Sports Academy Mumbai,Mumbai Indians,field,Rajasthan Royals,103-10,Mumbai Indians,104-3,9,7,2,3
548358,2012-05-08,Rajasthan Royals,7 wickets,Pune Warriors vs Rajasthan Royals,Subrata Roy Sahara Stadium,Pune Warriors,bat,Pune Warriors,125-6,Rajasthan Royals,126-3,5,13,2,4
598040,2013-05-01,Delhi Daredevils,7 wickets,Delhi Daredevils vs Kolkata Knight Riders,Shaheed Veer Narayan Singh International Stadium,Kolkata Knight Riders,bat,Kolkata Knight Riders,136-7,Delhi Daredevils,137-3,14,13,4,4
1359487,2023-04-09,Kolkata Knight Riders,3 wickets,Gujarat Titans vs Kolkata Knight Riders,Narendra Modi Stadium Ahmedabad,Gujarat Titans,bat,Gujarat Titans,204-4,Kolkata Knight Riders,207-7,18,15,7,15
1254092,2021-09-28,Kolkata Knight Riders,3 wickets,Delhi Capitals vs Kolkata Knight Riders,Sharjah Cricket Stadium,Kolkata Knight Riders,field,Delhi Capitals,127-9,Kolkata Knight Riders,130-7,14,8,0,7
1136602,2018-05-10,Sunrisers Hyderabad,9 wickets,Delhi Daredevils vs Sunrisers Hyderabad,Arun Jaitley Stadium Delhi,Delhi Daredevils,bat,Delhi Daredevils,187-5,Sunrisers Hyderabad,191-1,19,20,9,6
501264,2011-05-21,Deccan Chargers,82 runs,Deccan Chargers vs Kings XI Punjab,Himachal Pradesh Cricket Association Stadium,Kings XI Punjab,field,Deccan Chargers,198-2,Kings XI Punjab,116-10,19,12,4,4
1082606,2017-04-16,Mumbai Indians,6 wickets,Gujarat Lions vs Mumbai Indians,Wankhede Stadium Mumbai,Mumbai Indians,field,Gujarat Lions,176-4,Mumbai Indians,177-4,12,11,6,8
598056,2013-05-11,Sunrisers Hyderabad,30 runs,Kings XI Punjab vs Sunrisers Hyderabad,Punjab Cricket Association IS Bindra Stadium Mohali Chandigarh,Kings XI Punjab,field,Sunrisers Hyderabad,150-7,Kings XI Punjab,120-9,14,10,5,3
1359491,2023-04-12,Rajasthan Royals,3 runs,Chennai Super Kings vs Rajasthan Royals,MA Chidambaram Stadium Chepauk Chennai,Chennai Super Kings,field,Rajasthan Royals,175-8,Chennai Super Kings,172-6,11,12,7,6
1136614,2018-05-19,Kolkata Knight Riders,5 wickets,Kolkata Knight Riders vs Sunrisers Hyderabad,Rajiv Gandhi International Stadium Uppal Hyderabad,Sunrisers Hyderabad,bat,Sunrisers Hyderabad,172-9,Kolkata Knight Riders,173-5,14,14,6,8
1254084,2021-05-01,Mumbai Indians,4 wickets,Chennai Super Kings vs Mumbai Indians,Arun Jaitley Stadium Delhi,Mumbai Indians,field,Chennai Super Kings,218-4,Mumbai Indians,219-6,14,16,16,14
419131,2010-03-29,Delhi Daredevils,40 runs,Delhi Daredevils vs Kolkata Knight Riders,Arun Jaitley Stadium Delhi,Delhi Daredevils,bat,Delhi Daredevils,177-4,Kolkata Knight Riders,137-9,15,11,7,3
501233,2011-04-30,Delhi Daredevils,38 runs,Delhi Daredevils vs Kochi Tuskers Kerala,Nehru Stadium,Delhi Daredevils,bat,Delhi Daredevils,157-7,Kochi Tuskers Kerala,119-10,12,9,7,3
829743,2015-04-22,Sunrisers Hyderabad,16 runs,Kolkata Knight Riders vs Sunrisers Hyderabad,Dr. Y.S. Rajasekhara Reddy ACA-VDCA Cricket Stadium,Kolkata Knight Riders,field,Sunrisers Hyderabad,176-4,Kolkata Knight Riders,101-4,15,6,7,5
1136585,2018-04-26,Sunrisers Hyderabad,13 runs,Kings XI Punjab vs Sunrisers Hyderabad,Rajiv Gandhi International Stadium Uppal Hyderabad,Kings XI Punjab,field,Sunrisers Hyderabad,132-6,Kings XI Punjab,119-10,11,9,2,4
548319,2012-04-12,Kings XI Punjab,7 wickets,Kings XI Punjab vs Pune Warriors,Punjab Cricket Association IS Bindra Stadium Mohali Chandigarh,Kings XI Punjab,field,Pune Warriors,115-10,Kings XI Punjab,116-3,10,14,2,1
598001,2013-04-06,Rajasthan Royals,5 runs,Delhi Daredevils vs Rajasthan Royals,Arun Jaitley Stadium Delhi,Rajasthan Royals,bat,Rajasthan Royals,165-7,Delhi Daredevils,160-6,14,13,5,3
1216536,2020-10-29,Chennai Super Kings,6 wickets,Chennai Super Kings vs Kolkata Knight Riders,Dubai International Cricket Stadium,Chennai Super Kings,field,Kolkata Knight Riders,172-5,Chennai Super Kings,178-4,20,15,5,7
733999,2014-05-11,Rajasthan Royals,5 wickets,Rajasthan Royals vs Royal Challengers Bangalore,M Chinnaswamy Stadium Bengaluru,Royal Challengers Bangalore,bat,Royal Challengers Bangalore,190-5,Rajasthan Royals,191-5,15,19,12,8
1082597,2017-04-09,Mumbai Indians,4 wickets,Kolkata Knight Riders vs Mumbai Indians,Wankhede Stadium Mumbai,Mumbai Indians,field,Kolkata Knight Riders,178-7,Mumbai Indians,180-6,14,15,6,9
1304110,2022-05-16,Delhi Capitals,17 runs,Delhi Capitals vs Punjab Kings,Dr DY Patil Sports Academy Mumbai,Punjab Kings,field,Delhi Capitals,159-7,Punjab Kings,142-9,12,13,6,5
1175364,2019-03-30,Kings XI Punjab,8 wickets,Kings XI Punjab vs Mumbai Indians,Punjab Cricket Association IS Bindra Stadium Mohali Chandigarh,Kings XI Punjab,field,Mumbai Indians,176-7,Kings XI Punjab,177-2,20,15,3,7
1178413,2019-04-21,Sunrisers Hyderabad,9 wickets,Kolkata Knight Riders vs Sunrisers Hyderabad,Rajiv Gandhi International Stadium Uppal Hyderabad,Sunrisers Hyderabad,field,Kolkata Knight Riders,159-8,Sunrisers Hyderabad,161-1,11,10,8,9
729301,2014-04-25,Sunrisers Hyderabad,4 runs,Delhi Daredevils vs Sunrisers Hyderabad,Dubai International Cricket Stadium,Sunrisers Hyderabad,bat,Sunrisers Hyderabad,184-1,Delhi Daredevils,180-4,16,18,8,6
980925,2016-04-19,Kolkata Knight Riders,6 wickets,Kings XI Punjab vs Kolkata Knight Riders,Punjab Cricket Association IS Bindra Stadium Mohali Chandigarh,Kolkata Knight Riders,field,Kings XI Punjab,138-8,Kolkata Knight Riders,141-4,10,18,2,0
1304055,2022-04-02,Rajasthan Royals,23 runs,Mumbai Indians vs Rajasthan Royals,Dr DY Patil Sports Academy Mumbai,Mumbai Indians,field,Rajasthan Royals,193-8,Mumbai Indians,170-8,17,13,11,8
548362,2012-05-11,Royal Challengers Bangalore,35 runs,Pune Warriors vs Royal Challengers Bangalore,Subrata Roy Sahara Stadium,Pune Warriors,field,Royal Challengers Bangalore,173-3,Pune Warriors,138-9,13,14,9,2
336032,2008-05-24,Delhi Daredevils,5 wickets,Delhi Daredevils vs Mumbai Indians,Arun Jaitley Stadium Delhi,Delhi Daredevils,field,Mumbai Indians,176-8,Delhi Daredevils,179-5,18,20,7,6
501248,2011-05-08,Pune Warriors,5 wickets,Kings XI Punjab vs Pune Warriors,Punjab Cricket Association IS Bindra Stadium Mohali Chandigarh,Kings XI Punjab,bat,Kings XI Punjab,119-8,Pune Warriors,120-5,12,14,1,2
829807,2015-05-15,Royal Challengers Bangalore,6 wickets,Royal Challengers Bangalore vs Sunrisers Hyderabad,Rajiv Gandhi International Stadium Uppal Hyderabad,Sunrisers Hyderabad,bat,Sunrisers Hyderabad,135-3,Royal Challengers Bangalore,83-4,11,7,6,6
1254102,2021-10-01,Punjab Kings,5 wickets,Kolkata Knight Riders vs Punjab Kings,Dubai International Cricket Stadium,Punjab Kings,field,Kolkata Knight Riders,165-7,Punjab Kings,168-5,15,8,4,9
392207,2009-05-03,Kings XI Punjab,6 wickets,Kings XI Punjab vs Kolkata Knight Riders,St George's Park,Kolkata Knight Riders,bat,Kolkata Knight Riders,153-3,Kings XI Punjab,154-4,16,13,3,4
1359517,2023-05-01,Royal Challengers Bangalore,18 runs,Lucknow Super Giants vs Royal Challengers Bangalore,Bharat Ratna Shri Atal Bihari Vajpayee Ekana Cricket Stadium Lucknow,Royal Challengers Bangalore,bat,Royal Challengers Bangalore,126-9,Lucknow Super Giants,108-10,6,8,2,4
548335,2012-04-22,Kolkata Knight Riders,5 wickets,Deccan Chargers vs Kolkata Knight Riders,Barsapara Cricket Stadium Guwahati,Kolkata Knight Riders,field,Deccan Chargers,126-7,Kolkata Knight Riders,127-5,9,12,2,1
392196,2009-04-27,Deccan Chargers,6 wickets,Chennai Super Kings vs Deccan Chargers,Kingsmead,Deccan Chargers,field,Chennai Super Kings,165-6,Deccan Chargers,169-4,16,13,6,7
335999,2008-05-01,Kings XI Punjab,7 wickets,Deccan Chargers vs Kings XI Punjab,Rajiv Gandhi International Stadium Uppal Hyderabad,Kings XI Punjab,field,Deccan Chargers,164-8,Kings XI Punjab,167-3,19,21,3,2
1304079,2022-04-21,Chennai Super Kings,3 wickets,Chennai Super Kings vs Mumbai Indians,Dr DY Patil Sports Academy Mumbai,Chennai Super Kings,field,Mumbai Indians,155-7,Chennai Super Kings,156-7,12,11,5,8
980909,2016-04-13,Mumbai Indians,6 wickets,Kolkata Knight Riders vs Mumbai Indians,Eden Gardens,Mumbai Indians,field,Kolkata Knight Riders,187-5,Mumbai Indians,188-4,11,17,8,9
729287,2014-04-19,Royal Challengers Bangalore,7 wickets,Mumbai Indians vs Royal Challengers Bangalore,Dubai International Cricket Stadium,Royal Challengers Bangalore,field,Mumbai Indians,115-9,Royal Challengers Bangalore,116-3,8,12,0,1
1237181,2020-11-10,Mumbai Indians,5 wickets,Delhi Capitals vs Mumbai Indians,Dubai International Cricket Stadium,Delhi Capitals,bat,Delhi Capitals,156-7,Mumbai Indians,157-5,15,14,4,7
1359540,2023-05-19,Rajasthan Royals,4 wickets,Punjab Kings vs Rajasthan Royals,Himachal Pradesh Cricket Association Stadium Dharamsala,Rajasthan Royals,field,Punjab Kings,187-5,Rajasthan Royals,189-6,17,18,9,9
1304096,2022-05-05,Delhi Capitals,21 runs,Delhi Capitals vs Sunrisers Hyderabad,Brabourne Stadium Mumbai,Sunrisers Hyderabad,field,Delhi Capitals,207-3,Sunrisers Hyderabad,186-8,18,16,12,11
829779,2015-05-04,Chennai Super Kings,24 runs,Chennai Super Kings vs Royal Challengers Bangalore,MA Chidambaram Stadium Chepauk Chennai,Chennai Super Kings,bat,Chennai Super Kings,148-9,Royal Challengers Bangalore,124-10,12,15,5,1
548323,2012-04-15,Kings XI Punjab,2 runs,Kings XI Punjab vs Kolkata Knight Riders,Eden Gardens,Kolkata Knight Riders,field,Kings XI Punjab,134-9,Kolkata Knight Riders,132-7,7,10,5,2
501209,2011-04-15,Kolkata Knight Riders,9 wickets,Kolkata Knight Riders vs Rajasthan Royals,Sawai Mansingh Stadium Jaipur,Kolkata Knight Riders,field,Rajasthan Royals,159-4,Kolkata Knight Riders,160-1,10,18,5,3
1178429,2019-05-04,Royal Challengers Bangalore,4 wickets,Royal Challengers Bangalore vs Sunrisers Hyderabad,M Chinnaswamy Stadium Bengaluru,Royal Challengers Bangalore,field,Sunrisers Hyderabad,175-7,Royal Challengers Bangalore,178-6,14,16,9,8
729291,2014-04-20,Kings XI Punjab,7 wickets,Kings XI Punjab vs Rajasthan Royals,Sharjah Cricket Stadium,Kings XI Punjab,field,Rajasthan Royals,191-5,Kings XI Punjab,193-3,17,11,10,12
1304080,2022-04-22,Rajasthan Royals,15 runs,Delhi Capitals vs Rajasthan Royals,Wankhede Stadium Mumbai,Delhi Capitals,field,Rajasthan Royals,222-2,Delhi Capitals,207-8,21,17,14,12
1237178,2020-11-06,Sunrisers Hyderabad,6 wickets,Royal Challengers Bangalore vs Sunrisers Hyderabad,Sheikh Zayed Stadium,Sunrisers Hyderabad,field,Royal Challengers Bangalore,131-7,Sunrisers Hyderabad,132-4,10,11,1,3
548374,2012-05-19,Delhi Daredevils,6 wickets,Delhi Daredevils vs Kings XI Punjab,Himachal Pradesh Cricket Association Stadium,Delhi Daredevils,field,Kings XI Punjab,141-8,Delhi Daredevils,145-4,16,15,4,7
336024,2008-05-18,Mumbai Indians,25 runs,Deccan Chargers vs Mumbai Indians,Rajiv Gandhi International Stadium Uppal Hyderabad,Deccan Chargers,field,Mumbai Indians,178-7,Deccan Chargers,153-7,17,13,6,6
1254114,2021-10-10,Chennai Super Kings,4 wickets,Chennai Super Kings vs Delhi Capitals,Dubai International Cricket Stadium,Chennai Super Kings,field,Delhi Capitals,172-5,Chennai Super Kings,173-6,15,17,6,5
829811,2015-05-16,Rajasthan Royals,9 runs,Kolkata Knight Riders vs Rajasthan Royals,Brabourne Stadium Mumbai,Rajasthan Royals,bat,Rajasthan Royals,199-6,Kolkata Knight Riders,190-9,19,22,7,4
1359501,2023-04-20,Royal Challengers Bangalore,24 runs,Punjab Kings vs Royal Challengers Bangalore,Punjab Cricket Association IS Bindra Stadium Mohali Chandigarh,Punjab Kings,field,Royal Challengers Bangalore,174-4,Punjab Kings,150-10,12,9,6,10
392211,2009-05-05,Delhi Daredevils,9 wickets,Delhi Daredevils vs Kolkata Knight Riders,Kingsmead,Kolkata Knight Riders,bat,Kolkata Knight Riders,154-3,Delhi Daredevils,157-1,14,17,4,2
501198,2011-04-08,Chennai Super Kings,2 runs,Chennai Super Kings vs Kolkata Knight Riders,MA Chidambaram Stadium Chepauk Chennai,Chennai Super Kings,bat,Chennai Super Kings,153-4,Kolkata Knight Riders,151-7,14,14,4,3
1136590,2018-04-30,Chennai Super Kings,13 runs,Chennai Super Kings vs Delhi Daredevils,Maharashtra Cricket Association Stadium Pune,Delhi Daredevils,field,Chennai Super Kings,211-4,Delhi Daredevils,198-5,14,15,14,11
1216523,2020-10-10,Kolkata Knight Riders,2 runs,Kings XI Punjab vs Kolkata Knight Riders,Sheikh Zayed Stadium,Kolkata Knight Riders,bat,Kolkata Knight Riders,164-6,Kings XI Punjab,162-5,17,16,3,2
598014,2013-04-14,Rajasthan Royals,6 wickets,Kings XI Punjab vs Rajasthan Royals,Sawai Mansingh Stadium Jaipur,Rajasthan Royals,field,Kings XI Punjab,124-10,Rajasthan Royals,126-4,12,17,2,0
419124,2010-03-24,Rajasthan Royals,31 runs,Kings XI Punjab vs Rajasthan Royals,Punjab Cricket Association IS Bindra Stadium Mohali Chandigarh,Kings XI Punjab,field,Rajasthan Royals,183-5,Kings XI Punjab,152-10,21,13,3,4
501226,2011-04-25,Chennai Super Kings,25 runs,Chennai Super Kings vs Pune Warriors,MA Chidambaram Stadium Chepauk Chennai,Pune Warriors,field,Chennai Super Kings,142-6,Pune Warriors,117-9,10,6,4,2
1082644,2017-05-13,Mumbai Indians,9 runs,Kolkata Knight Riders vs Mumbai Indians,Eden Gardens,Kolkata Knight Riders,field,Mumbai Indians,173-5,Kolkata Knight Riders,164-8,19,14,5,7
1178406,2019-04-15,Mumbai Indians,5 wickets,Mumbai Indians vs Royal Challengers Bangalore,Wankhede Stadium Mumbai,Mumbai Indians,field,Royal Challengers Bangalore,171-7,Mumbai Indians,172-5,12,15,10,10
734033,2014-05-23,Kings XI Punjab,16 runs,Kings XI Punjab vs Rajasthan Royals,Punjab Cricket Association IS Bindra Stadium Mohali Chandigarh,Rajasthan Royals,field,Kings XI Punjab,179-4,Rajasthan Royals,163-8,16,9,6,8
1304105,2022-05-12,Mumbai Indians,5 wickets,Chennai Super Kings vs Mumbai Indians,Wankhede Stadium Mumbai,Mumbai Indians,field,Chennai Super Kings,97-10,Mumbai Indians,103-5,9,11,3,2
1175371,2019-04-04,Sunrisers Hyderabad,5 wickets,Delhi Capitals vs Sunrisers Hyderabad,Arun Jaitley Stadium Delhi,Sunrisers Hyderabad,field,Delhi Capitals,129-8,Sunrisers Hyderabad,131-5,9,14,4,2
598043,2013-05-03,Kolkata Knight Riders,8 wickets,Kolkata Knight Riders vs Rajasthan Royals,Eden Gardens,Rajasthan Royals,bat,Rajasthan Royals,132-6,Kolkata Knight Riders,133-2,11,10,2,5
1082613,2017-04-21,Gujarat Lions,4 wickets,Gujarat Lions vs Kolkata Knight Riders,Eden Gardens,Gujarat Lions,field,Kolkata Knight Riders,187-5,Gujarat Lions,188-6,23,20,4,8
501271,2011-05-28,Chennai Super Kings,58 runs,Chennai Super Kings vs Royal Challengers Bangalore,MA Chidambaram Stadium Chepauk Chennai,Chennai Super Kings,bat,Chennai Super Kings,205-5,Royal Challengers Bangalore,147-8,7,11,13,4
980967,2016-05-06,Sunrisers Hyderabad,5 wickets,Gujarat Lions vs Sunrisers Hyderabad,Rajiv Gandhi International Stadium Uppal Hyderabad,Sunrisers Hyderabad,field,Gujarat Lions,126-6,Sunrisers Hyderabad,129-5,8,13,3,2
1136601,2018-05-09,Mumbai Indians,102 runs,Kolkata Knight Riders vs Mumbai Indians,Eden Gardens,Kolkata Knight Riders,field,Mumbai Indians,210-6,Kolkata Knight Riders,108-10,16,12,14,4
1254091,2021-09-30,Chennai Super Kings,6 wickets,Chennai Super Kings vs Sunrisers Hyderabad,Sharjah Cricket Stadium,Chennai Super Kings,field,Sunrisers Hyderabad,134-7,Chennai Super Kings,139-4,7,11,4,6
1359484,2023-04-07,Lucknow Super Giants,5 wickets,Lucknow Super Giants vs Sunrisers Hyderabad,Bharat Ratna Shri Atal Bihari Vajpayee Ekana Cricket Stadium Lucknow,Sunrisers Hyderabad,bat,Sunrisers Hyderabad,121-8,Lucknow Super Giants,127-5,10,13,3,3
829717,2015-04-12,Kings XI Punjab,18 runs,Kings XI Punjab vs Mumbai Indians,Wankhede Stadium Mumbai,Mumbai Indians,field,Kings XI Punjab,177-5,Mumbai Indians,159-7,21,14,4,9
598055,2013-05-11,Mumbai Indians,5 wickets,Mumbai Indians vs Pune Warriors,Subrata Roy Sahara Stadium,Pune Warriors,bat,Pune Warriors,112-8,Mumbai Indians,116-5,5,11,3,3
419165,2010-04-25,Chennai Super Kings,22 runs,Chennai Super Kings vs Mumbai Indians,Dr DY Patil Sports Academy Mumbai,Chennai Super Kings,bat,Chennai Super Kings,168-5,Mumbai Indians,146-9,11,12,8,5
501267,2011-05-22,Mumbai Indians,5 wickets,Kolkata Knight Riders vs Mumbai Indians,Eden Gardens,Mumbai Indians,field,Kolkata Knight Riders,175-7,Mumbai Indians,178-5,16,20,7,3
1082605,2017-04-15,Delhi Daredevils,51 runs,Delhi Daredevils vs Kings XI Punjab,Arun Jaitley Stadium Delhi,Delhi Daredevils,bat,Delhi Daredevils,188-6,Kings XI Punjab,137-9,23,11,5,3
1254087,2021-09-20,Kolkata Knight Riders,9 wickets,Kolkata Knight Riders vs Royal Challengers Bangalore,Zayed Cricket Stadium Abu Dhabi,Royal Challengers Bangalore,bat,Royal Challengers Bangalore,92-10,Kolkata Knight Riders,94-1,8,13,0,2
1136617,2018-05-22,Chennai Super Kings,2 wickets,Chennai Super Kings vs Sunrisers Hyderabad,Wankhede Stadium Mumbai,Chennai Super Kings,field,Sunrisers Hyderabad,139-7,Chennai Super Kings,140-8,12,13,4,5
980971,2016-05-07,Kings XI Punjab,9 runs,Delhi Daredevils vs Kings XI Punjab,Punjab Cricket Association IS Bindra Stadium Mohali Chandigarh,Delhi Daredevils,field,Kings XI Punjab,181-5,Delhi Daredevils,172-5,15,13,5,5
1254068,2021-04-18,Delhi Capitals,6 wickets,Delhi Capitals vs Punjab Kings,Wankhede Stadium Mumbai,Delhi Capitals,field,Punjab Kings,195-4,Delhi Capitals,198-4,17,21,10,6
1359538,2023-05-17,Delhi Capitals,15 runs,Delhi Capitals vs Punjab Kings,Himachal Pradesh Cricket Association Stadium Dharamsala,Punjab Kings,field,Delhi Capitals,213-2,Punjab Kings,198-8,20,15,11,13
1359492,2023-04-13,Gujarat Titans,6 wickets,Gujarat Titans vs Punjab Kings,Punjab Cricket Association IS Bindra Stadium Mohali Chandigarh,Gujarat Titans,field,Punjab Kings,153-8,Gujarat Titans,154-4,16,17,5,1
392228,2009-05-16,Deccan Chargers,6 wickets,Deccan Chargers vs Kolkata Knight Riders,New Wanderers Stadium,Deccan Chargers,field,Kolkata Knight Riders,160-5,Deccan Chargers,166-4,11,14,6,6
598002,2013-04-06,Mumbai Indians,9 runs,Chennai Super Kings vs Mumbai Indians,MA Chidambaram Stadium Chepauk Chennai,Mumbai Indians,bat,Mumbai Indians,148-6,Chennai Super Kings,139-9,10,11,7,4
1216535,2020-10-31,Mumbai Indians,9 wickets,Delhi Capitals vs Mumbai Indians,Dubai International Cricket Stadium,Mumbai Indians,field,Delhi Capitals,110-9,Mumbai Indians,111-1,7,11,3,3
1136586,2018-04-27,Delhi Daredevils,55 runs,Delhi Daredevils vs Kolkata Knight Riders,Arun Jaitley Stadium Delhi,Kolkata Knight Riders,field,Delhi Daredevils,219-4,Kolkata Knight Riders,164-9,15,12,16,9
501230,2011-04-28,Kolkata Knight Riders,17 runs,Delhi Daredevils vs Kolkata Knight Riders,Arun Jaitley Stadium Delhi,Delhi Daredevils,field,Kolkata Knight Riders,148-7,Delhi Daredevils,131-9,12,9,4,5
1136569,2018-04-14,Delhi Daredevils,7 wickets,Delhi Daredevils vs Mumbai Indians,Wankhede Stadium Mumbai,Delhi Daredevils,field,Mumbai Indians,194-7,Delhi Daredevils,195-3,19,18,7,10
733975,2014-05-03,Rajasthan Royals,7 wickets,Delhi Daredevils vs Rajasthan Royals,Arun Jaitley Stadium Delhi,Rajasthan Royals,field,Delhi Daredevils,152-5,Rajasthan Royals,156-3,14,12,4,7
419132,2010-03-30,Mumbai Indians,4 wickets,Kings XI Punjab vs Mumbai Indians,Brabourne Stadium Mumbai,Mumbai Indians,field,Kings XI Punjab,163-10,Mumbai Indians,164-6,14,14,1,4
1304056,2022-04-02,Gujarat Titans,14 runs,Delhi Capitals vs Gujarat Titans,Maharashtra Cricket Association Stadium Pune,Delhi Capitals,field,Gujarat Titans,171-6,Delhi Capitals,157-9,14,18,5,3
1178410,2019-04-19,Royal Challengers Bangalore,10 runs,Kolkata Knight Riders vs Royal Challengers Bangalore,Eden Gardens,Kolkata Knight Riders,field,Royal Challengers Bangalore,213-4,Kolkata Knight Riders,203-5,18,17,12,14
1175367,2019-03-31,Chennai Super Kings,8 runs,Chennai Super Kings vs Rajasthan Royals,MA Chidambaram Stadium Chepauk Chennai,Rajasthan Royals,field,Chennai Super Kings,175-5,Rajasthan Royals,167-8,14,11,8,7
1082594,2017-04-08,Kings XI Punjab,6 wickets,Kings XI Punjab vs Rising Pune Supergiant,Holkar Cricket Stadium,Kings XI Punjab,field,Rising Pune Supergiant,163-6,Kings XI Punjab,164-4,11,11,7,9
1304113,2022-05-19,Royal Challengers Bangalore,8 wickets,Gujarat Titans vs Royal Challengers Bangalore,Wankhede Stadium Mumbai,Gujarat Titans,bat,Gujarat Titans,168-5,Royal Challengers Bangalore,170-2,11,18,10,4
734025,2014-05-21,Mumbai Indians,7 wickets,Kings XI Punjab vs Mumbai Indians,Punjab Cricket Association IS Bindra Stadium Mohali Chandigarh,Mumbai Indians,field,Kings XI Punjab,156-8,Mumbai Indians,159-3,12,16,7,3
1082629,2017-05-01,Rising Pune Supergiant,5 wickets,Gujarat Lions vs Rising Pune Supergiant,Maharashtra Cricket Association Stadium Pune,Rising Pune Supergiant,field,Gujarat Lions,161-10,Rising Pune Supergiant,167-5,15,12,5,8
336031,2008-05-23,Kings XI Punjab,6 wickets,Deccan Chargers vs Kings XI Punjab,Punjab Cricket Association IS Bindra Stadium Mohali Chandigarh,Kings XI Punjab,field,Deccan Chargers,175-4,Kings XI Punjab,178-4,14,13,9,8
419149,2010-04-11,Kings XI Punjab,7 wickets,Delhi Daredevils vs Kings XI Punjab,Arun Jaitley Stadium Delhi,Delhi Daredevils,bat,Delhi Daredevils,111-10,Kings XI Punjab,112-3,8,11,0,2
548361,2012-05-10,Chennai Super Kings,4 wickets,Chennai Super Kings vs Rajasthan Royals,Sawai Mansingh Stadium Jaipur,Chennai Super Kings,field,Rajasthan Royals,126-6,Chennai Super Kings,127-6,12,11,2,5
392204,2009-05-01,Royal Challengers Bangalore,8 runs,Kings XI Punjab vs Royal Challengers Bangalore,Kingsmead,Royal Challengers Bangalore,bat,Royal Challengers Bangalore,145-9,Kings XI Punjab,137-7,13,11,5,4
1359514,2023-04-29,Sunrisers Hyderabad,9 runs,Delhi Capitals vs Sunrisers Hyderabad,Arun Jaitley Stadium Delhi,Sunrisers Hyderabad,bat,Sunrisers Hyderabad,197-6,Delhi Capitals,188-6,17,14,9,8
1254101,2021-10-08,Royal Challengers Bangalore,7 wickets,Delhi Capitals vs Royal Challengers Bangalore,Dubai International Cricket Stadium,Royal Challengers Bangalore,field,Delhi Capitals,164-5,Royal Challengers Bangalore,166-3,12,13,6,5
392195,2009-04-26,Kings XI Punjab,27 runs,Kings XI Punjab vs Rajasthan Royals,Newlands,Kings XI Punjab,bat,Kings XI Punjab,139-6,Rajasthan Royals,112-7,12,9,3,0
829783,2015-05-05,Mumbai Indians,5 wickets,Delhi Daredevils vs Mumbai Indians,Wankhede Stadium Mumbai,Delhi Daredevils,bat,Delhi Daredevils,152-6,Mumbai Indians,153-5,15,9,6,7
1216519,2020-10-05,Delhi Capitals,59 runs,Delhi Capitals vs Royal Challengers Bangalore,Dubai International Cricket Stadium,Royal Challengers Bangalore,field,Delhi Capitals,196-4,Royal Challengers Bangalore,137-9,18,11,7,2
548336,2012-04-23,Royal Challengers Bangalore,46 runs,Rajasthan Royals vs Royal Challengers Bangalore,Sawai Mansingh Stadium Jaipur,Rajasthan Royals,field,Royal Challengers Bangalore,189-3,Rajasthan Royals,143-7,17,15,6,1
734009,2014-05-14,Kolkata Knight Riders,6 wickets,Kolkata Knight Riders vs Mumbai Indians,Barsapara Cricket Stadium Guwahati,Kolkata Knight Riders,field,Mumbai Indians,141-5,Kolkata Knight Riders,142-4,11,14,4,3
1304095,2022-05-04,Royal Challengers Bangalore,13 runs,Chennai Super Kings vs Royal Challengers Bangalore,Maharashtra Cricket Association Stadium Pune,Chennai Super Kings,field,Royal Challengers Bangalore,173-8,Chennai Super Kings,160-8,12,12,7,8
1359543,2023-05-21,Mumbai Indians,8 wickets,Mumbai Indians vs Sunrisers Hyderabad,Wankhede Stadium Mumbai,Mumbai Indians,field,Sunrisers Hyderabad,200-5,Mumbai Indians,201-2,20,21,7,10
829795,2015-05-10,Royal Challengers Bangalore,39 runs,Mumbai Indians vs Royal Challengers Bangalore,Wankhede Stadium Mumbai,Royal Challengers Bangalore,bat,Royal Challengers Bangalore,235-1,Mumbai Indians,196-7,26,15,9,11
392183,2009-04-19,Delhi Daredevils,10 wickets,Delhi Daredevils vs Kings XI Punjab,Newlands,Delhi Daredevils,field,Kings XI Punjab,104-7,Delhi Daredevils,58-0,5,6,7,3
419108,2010-03-13,Delhi Daredevils,5 wickets,Delhi Daredevils vs Kings XI Punjab,Punjab Cricket Association IS Bindra Stadium Mohali Chandigarh,Delhi Daredevils,field,Kings XI Punjab,142-9,Delhi Daredevils,146-5,14,16,2,1
548320,2012-04-13,Kolkata Knight Riders,5 wickets,Kolkata Knight Riders vs Rajasthan Royals,Eden Gardens,Rajasthan Royals,bat,Rajasthan Royals,131-5,Kolkata Knight Riders,137-5,13,11,2,3
598038,2013-04-30,Chennai Super Kings,37 runs,Chennai Super Kings vs Pune Warriors,Subrata Roy Sahara Stadium,Chennai Super Kings,bat,Chennai Super Kings,164-3,Pune Warriors,127-9,13,9,5,4
1304083,2022-04-24,Lucknow Super Giants,36 runs,Lucknow Super Giants vs Mumbai Indians,Wankhede Stadium Mumbai,Mumbai Indians,field,Lucknow Super Giants,168-6,Mumbai Indians,132-8,13,8,7,4
336027,2008-05-20,Rajasthan Royals,6 wickets,Kolkata Knight Riders vs Rajasthan Royals,Eden Gardens,Rajasthan Royals,field,Kolkata Knight Riders,147-8,Rajasthan Royals,150-4,13,17,6,5
548377,2012-05-20,Mumbai Indians,10 wickets,Mumbai Indians vs Rajasthan Royals,Sawai Mansingh Stadium Jaipur,Rajasthan Royals,bat,Rajasthan Royals,162-6,Mumbai Indians,163-0,13,16,6,3
1359502,2023-04-20,Delhi Capitals,4 wickets,Delhi Capitals vs Kolkata Knight Riders,Arun Jaitley Stadium Delhi,Delhi Capitals,field,Kolkata Knight Riders,127-10,Delhi Capitals,128-6,10,17,6,0
392212,2009-05-06,Deccan Chargers,19 runs,Deccan Chargers vs Mumbai Indians,SuperSport Park,Deccan Chargers,bat,Deccan Chargers,145-6,Mumbai Indians,126-8,8,11,6,3
1254117,2021-10-15,Chennai Super Kings,27 runs,Chennai Super Kings vs Kolkata Knight Riders,Dubai International Cricket Stadium,Kolkata Knight Riders,field,Chennai Super Kings,192-3,Kolkata Knight Riders,165-9,12,13,10,7
1312198,2022-05-25,Royal Challengers Bangalore,14 runs,Lucknow Super Giants vs Royal Challengers Bangalore,Eden Gardens Kolkata,Lucknow Super Giants,field,Royal Challengers Bangalore,207-4,Lucknow Super Giants,193-6,21,6,9,14
1304109,2022-05-15,Rajasthan Royals,24 runs,Lucknow Super Giants vs Rajasthan Royals,Brabourne Stadium Mumbai,Rajasthan Royals,bat,Rajasthan Royals,178-6,Lucknow Super Giants,154-8,22,9,4,6
598018,2013-04-17,Sunrisers Hyderabad,11 runs,Pune Warriors vs Sunrisers Hyderabad,Maharashtra Cricket Association Stadium Pune,Pune Warriors,field,Sunrisers Hyderabad,119-8,Pune Warriors,108-10,9,11,2,1
1082648,2017-05-17,Kolkata Knight Riders,7 wickets,Kolkata Knight Riders vs Sunrisers Hyderabad,M Chinnaswamy Stadium Bengaluru,Kolkata Knight Riders,field,Sunrisers Hyderabad,128-7,Kolkata Knight Riders,48-3,9,2,5,3
1136573,2018-04-16,Kolkata Knight Riders,71 runs,Delhi Daredevils vs Kolkata Knight Riders,Eden Gardens,Delhi Daredevils,field,Kolkata Knight Riders,200-9,Delhi Daredevils,129-10,14,13,15,5
419128,2010-03-25,Delhi Daredevils,17 runs,Delhi Daredevils vs Royal Challengers Bangalore,M Chinnaswamy Stadium Bengaluru,Royal Challengers Bangalore,field,Delhi Daredevils,183-4,Royal Challengers Bangalore,166-9,15,15,5,3
1254072,2021-04-21,Chennai Super Kings,18 runs,Chennai Super Kings vs Kolkata Knight Riders,Wankhede Stadium Mumbai,Kolkata Knight Riders,field,Chennai Super Kings,220-3,Kolkata Knight Riders,202-10,19,16,12,14
1359522,2023-05-05,Gujarat Titans,9 wickets,Gujarat Titans vs Rajasthan Royals,Sawai Mansingh Stadium Jaipur,Rajasthan Royals,bat,Rajasthan Royals,118-10,Gujarat Titans,119-1,9,14,3,3
1359488,2023-04-09,Sunrisers Hyderabad,8 wickets,Punjab Kings vs Sunrisers Hyderabad,Rajiv Gandhi International Stadium Uppal Hyderabad,Sunrisers Hyderabad,field,Punjab Kings,143-9,Sunrisers Hyderabad,145-2,17,22,6,3
392232,2009-05-19,Royal Challengers Bangalore,7 wickets,Delhi Daredevils vs Royal Challengers Bangalore,New Wanderers Stadium,Delhi Daredevils,bat,Delhi Daredevils,134-7,Royal Challengers Bangalore,135-3,8,8,1,5
548357,2012-05-07,Kolkata Knight Riders,6 wickets,Delhi Daredevils vs Kolkata Knight Riders,Arun Jaitley Stadium Delhi,Delhi Daredevils,bat,Delhi Daredevils,153-9,Kolkata Knight Riders,154-4,13,14,4,1
336007,2008-05-06,Deccan Chargers,7 wickets,Chennai Super Kings vs Deccan Chargers,MA Chidambaram Stadium Chepauk Chennai,Deccan Chargers,field,Chennai Super Kings,144-7,Deccan Chargers,148-3,12,15,5,7
392224,2009-05-14,Royal Challengers Bangalore,2 wickets,Chennai Super Kings vs Royal Challengers Bangalore,Kingsmead,Chennai Super Kings,bat,Chennai Super Kings,129-10,Royal Challengers Bangalore,132-8,12,11,3,4
1359534,2023-05-14,Royal Challengers Bangalore,112 runs,Rajasthan Royals vs Royal Challengers Bangalore,Sawai Mansingh Stadium Jaipur,Royal Challengers Bangalore,bat,Royal Challengers Bangalore,171-5,Rajasthan Royals,59-10,12,4,7,4
1254064,2021-04-15,Rajasthan Royals,3 wickets,Delhi Capitals vs Rajasthan Royals,Wankhede Stadium Mumbai,Rajasthan Royals,field,Delhi Capitals,147-8,Rajasthan Royals,150-7,20,12,0,7
548341,2012-04-26,Deccan Chargers,18 runs,Deccan Chargers vs Pune Warriors,Subrata Roy Sahara Stadium,Deccan Chargers,bat,Deccan Chargers,177-4,Pune Warriors,159-7,11,9,8,9
598059,2013-04-23,Kings XI Punjab,5 wickets,Delhi Daredevils vs Kings XI Punjab,Arun Jaitley Stadium Delhi,Kings XI Punjab,field,Delhi Daredevils,120-7,Kings XI Punjab,121-5,10,15,2,1
1082609,2017-04-17,Sunrisers Hyderabad,5 runs,Kings XI Punjab vs Sunrisers Hyderabad,Rajiv Gandhi International Stadium Uppal Hyderabad,Kings XI Punjab,field,Sunrisers Hyderabad,159-6,Kings XI Punjab,154-10,11,11,4,7
336011,2008-05-09,Rajasthan Royals,8 wickets,Deccan Chargers vs Rajasthan Royals,Sawai Mansingh Stadium Jaipur,Rajasthan Royals,field,Deccan Chargers,140-8,Rajasthan Royals,141-2,15,16,3,2
734029,2014-05-22,Sunrisers Hyderabad,6 wickets,Chennai Super Kings vs Sunrisers Hyderabad,JSCA International Stadium Complex,Sunrisers Hyderabad,field,Chennai Super Kings,185-3,Sunrisers Hyderabad,189-4,15,17,10,7
1082598,2017-04-10,Kings XI Punjab,8 wickets,Kings XI Punjab vs Royal Challengers Bangalore,Holkar Cricket Stadium,Royal Challengers Bangalore,bat,Royal Challengers Bangalore,148-4,Kings XI Punjab,150-2,6,11,11,9
1216539,2020-09-25,Delhi Capitals,44 runs,Chennai Super Kings vs Delhi Capitals,Dubai International Cricket Stadium,Chennai Super Kings,field,Delhi Capitals,175-3,Chennai Super Kings,131-7,20,12,2,1
1216493,2020-09-20,Tie,,Delhi Capitals vs Kings XI Punjab,Dubai International Cricket Stadium,Kings XI Punjab,field,Delhi Capitals,157-8,Kings XI Punjab,157-8,13,12,6,6
548316,2012-04-10,Delhi Daredevils,8 wickets,Chennai Super Kings vs Delhi Daredevils,Arun Jaitley Stadium Delhi,Delhi Daredevils,field,Chennai Super Kings,110-8,Delhi Daredevils,111-2,7,11,3,3
733979,2014-05-05,Rajasthan Royals,10 runs,Kolkata Knight Riders vs Rajasthan Royals,Sardar Patel Stadium Motera,Kolkata Knight Riders,field,Rajasthan Royals,170-6,Kolkata Knight Riders,160-6,12,12,6,5
1136565,2018-04-10,Chennai Super Kings,5 wickets,Chennai Super Kings vs Kolkata Knight Riders,MA Chidambaram Stadium Chepauk Chennai,Chennai Super Kings,field,Kolkata Knight Riders,202-6,Chennai Super Kings,205-5,11,9,17,14
1359518,2023-05-02,Delhi Capitals,5 runs,Delhi Capitals vs Gujarat Titans,Narendra Modi Stadium Ahmedabad,Delhi Capitals,bat,Delhi Capitals,130-8,Gujarat Titans,125-6,9,9,5,4
392208,2009-05-03,Royal Challengers Bangalore,9 wickets,Mumbai Indians vs Royal Challengers Bangalore,New Wanderers Stadium,Mumbai Indians,bat,Mumbai Indians,149-4,Royal Challengers Bangalore,150-1,13,14,3,4
980951,2016-04-30,Delhi Daredevils,27 runs,Delhi Daredevils vs Kolkata Knight Riders,Arun Jaitley Stadium Delhi,Kolkata Knight Riders,field,Delhi Daredevils,186-8,Kolkata Knight Riders,159-10,17,13,6,4
419145,2010-04-08,Deccan Chargers,7 wickets,Deccan Chargers vs Royal Challengers Bangalore,M Chinnaswamy Stadium Bengaluru,Deccan Chargers,field,Royal Challengers Bangalore,184-6,Deccan Chargers,186-3,15,17,8,8
501247,2011-05-08,Royal Challengers Bangalore,9 wickets,Kochi Tuskers Kerala vs Royal Challengers Bangalore,M Chinnaswamy Stadium Bengaluru,Kochi Tuskers Kerala,bat,Kochi Tuskers Kerala,125-9,Royal Challengers Bangalore,128-1,12,14,0,6
1082625,2017-04-29,Tie,,Gujarat Lions vs Mumbai Indians,Saurashtra Cricket Association Stadium,Gujarat Lions,bat,Gujarat Lions,153-9,Mumbai Indians,153-10,13,16,6,3
829737,2015-04-19,Mumbai Indians,18 runs,Mumbai Indians vs Royal Challengers Bangalore,M Chinnaswamy Stadium Bengaluru,Royal Challengers Bangalore,field,Mumbai Indians,209-7,Royal Challengers Bangalore,191-7,23,20,10,8
1216542,2020-10-08,Sunrisers Hyderabad,69 runs,Kings XI Punjab vs Sunrisers Hyderabad,Dubai International Cricket Stadium,Sunrisers Hyderabad,bat,Sunrisers Hyderabad,201-6,Kings XI Punjab,132-10,15,9,9,7
1304099,2022-05-07,Lucknow Super Giants,75 runs,Kolkata Knight Riders vs Lucknow Super Giants,Maharashtra Cricket Association Stadium Pune,Kolkata Knight Riders,field,Lucknow Super Giants,176-7,Kolkata Knight Riders,101-10,11,8,10,6
734005,2014-05-13,Royal Challengers Bangalore,16 runs,Delhi Daredevils vs Royal Challengers Bangalore,M Chinnaswamy Stadium Bengaluru,Delhi Daredevils,field,Royal Challengers Bangalore,186-4,Delhi Daredevils,170-7,11,11,12,8
1304076,2022-04-18,Rajasthan Royals,7 runs,Kolkata Knight Riders vs Rajasthan Royals,Brabourne Stadium Mumbai,Kolkata Knight Riders,field,Rajasthan Royals,217-5,Kolkata Knight Riders,210-10,19,18,10,9
335996,2008-04-28,Chennai Super Kings,13 runs,Chennai Super Kings vs Royal Challengers Bangalore,M Chinnaswamy Stadium Bengaluru,Chennai Super Kings,bat,Chennai Super Kings,178-5,Royal Challengers Bangalore,165-10,17,14,8,5
1178430,2019-05-05,Kings XI Punjab,6 wickets,Chennai Super Kings vs Kings XI Punjab,Punjab Cricket Association IS Bindra Stadium Mohali Chandigarh,Kings XI Punjab,field,Chennai Super Kings,170-5,Kings XI Punjab,173-4,16,14,6,10
501210,2011-04-15,Kochi Tuskers Kerala,8 wickets,Kochi Tuskers Kerala vs Mumbai Indians,Wankhede Stadium Mumbai,Kochi Tuskers Kerala,field,Mumbai Indians,182-2,Kochi Tuskers Kerala,184-2,16,23,7,4
392199,2009-04-29,Royal Challengers Bangalore,5 wickets,Kolkata Knight Riders vs Royal Challengers Bangalore,Kingsmead,Kolkata Knight Riders,bat,Kolkata Knight Riders,139-6,Royal Challengers Bangalore,143-5,12,12,2,3
419112,2010-03-16,Royal Challengers Bangalore,8 wickets,Kings XI Punjab vs Royal Challengers Bangalore,M Chinnaswamy Stadium Bengaluru,Kings XI Punjab,bat,Kings XI Punjab,203-3,Royal Challengers Bangalore,204-2,20,15,7,13
598022,2013-04-20,Chennai Super Kings,4 wickets,Chennai Super Kings vs Kolkata Knight Riders,Eden Gardens,Kolkata Knight Riders,bat,Kolkata Knight Riders,119-9,Chennai Super Kings,124-6,10,9,4,4
1216515,2020-10-03,Delhi Capitals,18 runs,Delhi Capitals vs Kolkata Knight Riders,Sharjah Cricket Stadium,Kolkata Knight Riders,field,Delhi Capitals,228-4,Kolkata Knight Riders,210-8,18,12,14,14
734013,2014-05-18,Royal Challengers Bangalore,5 wickets,Chennai Super Kings vs Royal Challengers Bangalore,JSCA International Stadium Complex,Chennai Super Kings,bat,Chennai Super Kings,138-4,Royal Challengers Bangalore,142-5,10,8,4,8
1237177,2020-11-05,Mumbai Indians,57 runs,Delhi Capitals vs Mumbai Indians,Dubai International Cricket Stadium,Delhi Capitals,field,Mumbai Indians,200-5,Delhi Capitals,143-8,15,13,12,6
1178426,2019-05-02,Tie,,Mumbai Indians vs Sunrisers Hyderabad,Wankhede Stadium Mumbai,Mumbai Indians,bat,Mumbai Indians,162-5,Sunrisers Hyderabad,162-6,15,16,6,5
1304060,2022-04-06,Kolkata Knight Riders,5 wickets,Kolkata Knight Riders vs Mumbai Indians,Maharashtra Cricket Association Stadium Pune,Kolkata Knight Riders,field,Mumbai Indians,161-4,Kolkata Knight Riders,162-5,11,13,9,11
829799,2015-05-11,Sunrisers Hyderabad,5 runs,Kings XI Punjab vs Sunrisers Hyderabad,Rajiv Gandhi International Stadium Uppal Hyderabad,Sunrisers Hyderabad,bat,Sunrisers Hyderabad,185-5,Kings XI Punjab,180-7,16,11,9,12
501206,2011-04-13,Kings XI Punjab,6 wickets,Chennai Super Kings vs Kings XI Punjab,Punjab Cricket Association IS Bindra Stadium Mohali Chandigarh,Kings XI Punjab,field,Chennai Super Kings,188-4,Kings XI Punjab,193-4,18,25,6,4
1216503,2020-10-01,Mumbai Indians,48 runs,Kings XI Punjab vs Mumbai Indians,Sheikh Zayed Stadium,Kings XI Punjab,field,Mumbai Indians,191-4,Kings XI Punjab,143-8,17,10,10,3
598034,2013-04-28,Chennai Super Kings,14 runs,Chennai Super Kings vs Kolkata Knight Riders,MA Chidambaram Stadium Chepauk Chennai,Kolkata Knight Riders,field,Chennai Super Kings,200-3,Kolkata Knight Riders,186-4,20,20,6,5
980947,2016-04-28,Mumbai Indians,6 wickets,Kolkata Knight Riders vs Mumbai Indians,Wankhede Stadium Mumbai,Mumbai Indians,field,Kolkata Knight Riders,174-5,Mumbai Indians,178-4,17,18,3,9
1082633,2017-05-05,Kings XI Punjab,19 runs,Kings XI Punjab vs Royal Challengers Bangalore,M Chinnaswamy Stadium Bengaluru,Royal Challengers Bangalore,field,Kings XI Punjab,138-7,Royal Challengers Bangalore,119-10,11,10,3,3
501251,2011-05-10,Kings XI Punjab,76 runs,Kings XI Punjab vs Mumbai Indians,Punjab Cricket Association IS Bindra Stadium Mohali Chandigarh,Mumbai Indians,field,Kings XI Punjab,163-8,Mumbai Indians,87-10,15,10,3,2
419153,2010-04-13,Chennai Super Kings,9 wickets,Chennai Super Kings vs Kolkata Knight Riders,MA Chidambaram Stadium Chepauk Chennai,Kolkata Knight Riders,bat,Kolkata Knight Riders,139-8,Chennai Super Kings,143-1,9,15,5,5
598063,2013-05-15,Mumbai Indians,14 runs,Mumbai Indians vs Rajasthan Royals,Wankhede Stadium Mumbai,Rajasthan Royals,field,Mumbai Indians,166-8,Rajasthan Royals,152-7,15,15,6,4
829721,2015-04-14,Rajasthan Royals,7 wickets,Mumbai Indians vs Rajasthan Royals,Sardar Patel Stadium Motera,Mumbai Indians,bat,Mumbai Indians,164-6,Rajasthan Royals,165-3,17,15,8,3
1082632,2017-05-04,Delhi Daredevils,7 wickets,Delhi Daredevils vs Gujarat Lions,Arun Jaitley Stadium Delhi,Delhi Daredevils,field,Gujarat Lions,208-7,Delhi Daredevils,214-3,16,8,11,20
501250,2011-05-10,Pune Warriors,6 wickets,Deccan Chargers vs Pune Warriors,Rajiv Gandhi International Stadium Uppal Hyderabad,Deccan Chargers,bat,Deccan Chargers,136-8,Pune Warriors,137-4,11,17,2,5
419152,2010-04-13,Mumbai Indians,39 runs,Delhi Daredevils vs Mumbai Indians,Brabourne Stadium Mumbai,Mumbai Indians,bat,Mumbai Indians,183-4,Delhi Daredevils,144-7,14,11,7,2
598062,2013-05-14,Chennai Super Kings,33 runs,Chennai Super Kings vs Delhi Daredevils,MA Chidambaram Stadium Chepauk Chennai,Chennai Super Kings,bat,Chennai Super Kings,168-4,Delhi Daredevils,135-9,11,8,5,4
734045,2014-05-28,Chennai Super Kings,7 wickets,Chennai Super Kings vs Mumbai Indians,Brabourne Stadium Mumbai,Chennai Super Kings,field,Mumbai Indians,173-8,Chennai Super Kings,176-3,14,15,9,8
1136620,2018-05-27,Chennai Super Kings,8 wickets,Chennai Super Kings vs Sunrisers Hyderabad,Wankhede Stadium Mumbai,Chennai Super Kings,field,Sunrisers Hyderabad,178-6,Chennai Super Kings,181-2,13,16,9,10
501207,2011-04-13,Pune Warriors,4 wickets,Kochi Tuskers Kerala vs Pune Warriors,Dr DY Patil Sports Academy Mumbai,Kochi Tuskers Kerala,bat,Kochi Tuskers Kerala,148-8,Pune Warriors,151-6,12,12,5,5
829777,2015-05-03,Rajasthan Royals,14 runs,Delhi Daredevils vs Rajasthan Royals,Brabourne Stadium Mumbai,Delhi Daredevils,field,Rajasthan Royals,189-2,Delhi Daredevils,175-7,20,13,5,8
1216502,2020-10-31,Sunrisers Hyderabad,5 wickets,Royal Challengers Bangalore vs Sunrisers Hyderabad,Sharjah Cricket Stadium,Sunrisers Hyderabad,field,Royal Challengers Bangalore,120-7,Sunrisers Hyderabad,121-5,9,8,1,7
598035,2013-04-28,Delhi Daredevils,15 runs,Delhi Daredevils vs Pune Warriors,Shaheed Veer Narayan Singh International Stadium,Pune Warriors,field,Delhi Daredevils,164-5,Pune Warriors,149-4,12,18,8,1
1178427,2019-05-03,Kolkata Knight Riders,7 wickets,Kings XI Punjab vs Kolkata Knight Riders,Punjab Cricket Association IS Bindra Stadium Mohali Chandigarh,Kolkata Knight Riders,field,Kings XI Punjab,183-6,Kolkata Knight Riders,185-3,15,16,8,9
1304061,2022-04-07,Lucknow Super Giants,6 wickets,Delhi Capitals vs Lucknow Super Giants,Dr DY Patil Sports Academy Mumbai,Lucknow Super Giants,field,Delhi Capitals,149-3,Lucknow Super Giants,155-4,15,11,4,5
980911,2016-04-14,Gujarat Lions,7 wickets,Gujarat Lions vs Rising Pune Supergiants,Saurashtra Cricket Association Stadium,Rising Pune Supergiants,bat,Rising Pune Supergiants,163-5,Gujarat Lions,164-3,13,14,6,6
501211,2011-04-16,Chennai Super Kings,21 runs,Chennai Super Kings vs Royal Challengers Bangalore,MA Chidambaram Stadium Chepauk Chennai,Chennai Super Kings,bat,Chennai Super Kings,183-5,Royal Challengers Bangalore,162-7,20,13,5,5
392198,2009-04-28,Rajasthan Royals,5 wickets,Delhi Daredevils vs Rajasthan Royals,SuperSport Park,Delhi Daredevils,bat,Delhi Daredevils,143-7,Rajasthan Royals,147-5,14,11,3,7
419113,2010-03-16,Chennai Super Kings,55 runs,Chennai Super Kings vs Kolkata Knight Riders,Eden Gardens,Chennai Super Kings,bat,Chennai Super Kings,164-3,Kolkata Knight Riders,109-10,16,14,4,0
598023,2013-04-20,Royal Challengers Bangalore,7 wickets,Rajasthan Royals vs Royal Challengers Bangalore,M Chinnaswamy Stadium Bengaluru,Royal Challengers Bangalore,field,Rajasthan Royals,117-10,Royal Challengers Bangalore,123-3,14,12,2,2
1216514,2020-10-03,Royal Challengers Bangalore,8 wickets,Rajasthan Royals vs Royal Challengers Bangalore,Sheikh Zayed Stadium,Rajasthan Royals,bat,Rajasthan Royals,154-6,Royal Challengers Bangalore,158-2,9,16,8,3
829761,2015-05-07,Kolkata Knight Riders,13 runs,Delhi Daredevils vs Kolkata Knight Riders,Eden Gardens,Kolkata Knight Riders,bat,Kolkata Knight Riders,171-7,Delhi Daredevils,158-6,16,14,6,7
1304098,2022-05-07,Rajasthan Royals,6 wickets,Punjab Kings vs Rajasthan Royals,Wankhede Stadium Mumbai,Punjab Kings,bat,Punjab Kings,189-5,Rajasthan Royals,190-4,20,24,7,5
980907,2016-04-12,Royal Challengers Bangalore,45 runs,Royal Challengers Bangalore vs Sunrisers Hyderabad,M Chinnaswamy Stadium Bengaluru,Sunrisers Hyderabad,field,Royal Challengers Bangalore,227-4,Sunrisers Hyderabad,182-6,20,15,14,9
335997,2008-04-29,Mumbai Indians,7 wickets,Kolkata Knight Riders vs Mumbai Indians,Eden Gardens,Kolkata Knight Riders,bat,Kolkata Knight Riders,137-8,Mumbai Indians,138-3,15,17,3,2
1304077,2022-04-19,Royal Challengers Bangalore,18 runs,Lucknow Super Giants vs Royal Challengers Bangalore,Dr DY Patil Sports Academy Mumbai,Lucknow Super Giants,field,Royal Challengers Bangalore,181-6,Lucknow Super Giants,163-8,16,14,5,6
1178431,2019-05-05,Mumbai Indians,9 wickets,Kolkata Knight Riders vs Mumbai Indians,Wankhede Stadium Mumbai,Mumbai Indians,field,Kolkata Knight Riders,133-7,Mumbai Indians,134-1,3,14,10,5
729289,2014-04-19,Delhi Daredevils,4 wickets,Delhi Daredevils vs Kolkata Knight Riders,Dubai International Cricket Stadium,Kolkata Knight Riders,bat,Kolkata Knight Riders,166-5,Delhi Daredevils,167-6,16,13,2,6
419144,2010-04-07,Kolkata Knight Riders,14 runs,Delhi Daredevils vs Kolkata Knight Riders,Eden Gardens,Kolkata Knight Riders,bat,Kolkata Knight Riders,181-3,Delhi Daredevils,167-8,17,16,6,4
501246,2011-05-07,Mumbai Indians,32 runs,Delhi Daredevils vs Mumbai Indians,Wankhede Stadium Mumbai,Delhi Daredevils,field,Mumbai Indians,178-4,Delhi Daredevils,146-10,21,20,5,1
1082624,2017-04-29,Rising Pune Supergiant,61 runs,Rising Pune Supergiant vs Royal Challengers Bangalore,Maharashtra Cricket Association Stadium Pune,Royal Challengers Bangalore,field,Rising Pune Supergiant,157-3,Royal Challengers Bangalore,96-9,14,6,4,1
1216543,2020-10-14,Delhi Capitals,13 runs,Delhi Capitals vs Rajasthan Royals,Dubai International Cricket Stadium,Delhi Capitals,bat,Delhi Capitals,161-7,Rajasthan Royals,148-8,11,14,5,4
1359519,2023-05-03,No Result,,Chennai Super Kings vs Lucknow Super Giants,Bharat Ratna Shri Atal Bihari Vajpayee Ekana Cricket Stadium Lucknow,Chennai Super Kings,field,Lucknow Super Giants,125-7,,,6,0,4,0
392209,2009-05-04,Chennai Super Kings,78 runs,Chennai Super Kings vs Deccan Chargers,Buffalo Park,Chennai Super Kings,bat,Chennai Super Kings,178-3,Deccan Chargers,100-10,14,6,7,6
829809,2015-05-16,Chennai Super Kings,7 wickets,Chennai Super Kings vs Kings XI Punjab,Punjab Cricket Association IS Bindra Stadium Mohali Chandigarh,Kings XI Punjab,bat,Kings XI Punjab,130-7,Chennai Super Kings,134-3,11,12,4,3
981005,2016-05-21,Rising Pune Supergiants,4 wickets,Kings XI Punjab vs Rising Pune Supergiants,Dr. Y.S. Rajasekhara Reddy ACA-VDCA Cricket Stadium,Kings XI Punjab,bat,Kings XI Punjab,172-7,Rising Pune Supergiants,173-6,13,14,8,8
733997,2014-05-11,Kolkata Knight Riders,9 wickets,Kings XI Punjab vs Kolkata Knight Riders,Barsapara Cricket Stadium Guwahati,Kolkata Knight Riders,field,Kings XI Punjab,149-8,Kolkata Knight Riders,150-1,17,18,2,1
1216538,2020-10-04,Mumbai Indians,34 runs,Mumbai Indians vs Sunrisers Hyderabad,Sharjah Cricket Stadium,Mumbai Indians,bat,Mumbai Indians,208-5,Sunrisers Hyderabad,174-7,15,12,14,7
1216492,2020-09-19,Chennai Super Kings,5 wickets,Chennai Super Kings vs Mumbai Indians,Sheikh Zayed Stadium,Chennai Super Kings,field,Mumbai Indians,162-9,Chennai Super Kings,166-5,15,16,4,5
548317,2012-04-11,Mumbai Indians,27 runs,Mumbai Indians vs Rajasthan Royals,Wankhede Stadium Mumbai,Rajasthan Royals,field,Mumbai Indians,197-6,Rajasthan Royals,170-10,14,12,12,10
1136564,2018-04-09,Sunrisers Hyderabad,9 wickets,Rajasthan Royals vs Sunrisers Hyderabad,Rajiv Gandhi International Stadium Uppal Hyderabad,Sunrisers Hyderabad,field,Rajasthan Royals,125-9,Sunrisers Hyderabad,127-1,12,17,0,2
1082599,2017-04-11,Delhi Daredevils,97 runs,Delhi Daredevils vs Rising Pune Supergiant,Maharashtra Cricket Association Stadium Pune,Rising Pune Supergiant,field,Delhi Daredevils,205-4,Rising Pune Supergiant,108-10,17,7,10,4
598058,2013-05-12,Rajasthan Royals,5 wickets,Chennai Super Kings vs Rajasthan Royals,Sawai Mansingh Stadium Jaipur,Rajasthan Royals,field,Chennai Super Kings,141-4,Rajasthan Royals,144-5,16,11,0,9
336010,2008-05-08,Kolkata Knight Riders,5 runs,Kolkata Knight Riders vs Royal Challengers Bangalore,Eden Gardens,Kolkata Knight Riders,bat,Kolkata Knight Riders,129-7,Royal Challengers Bangalore,124-4,12,15,5,2
1082608,2017-04-17,Kolkata Knight Riders,4 wickets,Delhi Daredevils vs Kolkata Knight Riders,Arun Jaitley Stadium Delhi,Delhi Daredevils,bat,Delhi Daredevils,168-7,Kolkata Knight Riders,169-6,19,13,4,5
392225,2009-05-14,Rajasthan Royals,2 runs,Mumbai Indians vs Rajasthan Royals,Kingsmead,Rajasthan Royals,bat,Rajasthan Royals,145-7,Mumbai Indians,143-10,16,10,3,2
1254065,2021-04-16,Chennai Super Kings,6 wickets,Chennai Super Kings vs Punjab Kings,Wankhede Stadium Mumbai,Chennai Super Kings,field,Punjab Kings,106-8,Chennai Super Kings,107-4,10,13,2,2
1359535,2023-05-14,Kolkata Knight Riders,6 wickets,Chennai Super Kings vs Kolkata Knight Riders,MA Chidambaram Stadium Chepauk Chennai,Chennai Super Kings,bat,Chennai Super Kings,144-6,Kolkata Knight Riders,147-4,7,13,5,4
980993,2016-05-15,Mumbai Indians,80 runs,Delhi Daredevils vs Mumbai Indians,Dr. Y.S. Rajasekhara Reddy ACA-VDCA Cricket Stadium,Delhi Daredevils,field,Mumbai Indians,206-4,Delhi Daredevils,126-10,13,11,14,5
548356,2012-05-06,Royal Challengers Bangalore,5 wickets,Deccan Chargers vs Royal Challengers Bangalore,M Chinnaswamy Stadium Bengaluru,Royal Challengers Bangalore,field,Deccan Chargers,181-2,Royal Challengers Bangalore,185-5,15,17,9,9
336006,2008-05-05,Kings XI Punjab,6 wickets,Kings XI Punjab vs Royal Challengers Bangalore,M Chinnaswamy Stadium Bengaluru,Kings XI Punjab,field,Royal Challengers Bangalore,126-10,Kings XI Punjab,127-4,16,12,1,3
980985,2016-05-13,Kings XI Punjab,7 wickets,Kings XI Punjab vs Mumbai Indians,Dr. Y.S. Rajasekhara Reddy ACA-VDCA Cricket Stadium,Mumbai Indians,bat,Mumbai Indians,124-9,Kings XI Punjab,127-3,5,12,8,2
1359523,2023-05-06,Chennai Super Kings,6 wickets,Chennai Super Kings vs Mumbai Indians,MA Chidambaram Stadium Chepauk Chennai,Chennai Super Kings,field,Mumbai Indians,139-8,Chennai Super Kings,140-4,15,9,1,7
1254073,2021-04-22,Royal Challengers Bangalore,10 wickets,Rajasthan Royals vs Royal Challengers Bangalore,Wankhede Stadium Mumbai,Royal Challengers Bangalore,field,Rajasthan Royals,177-9,Royal Challengers Bangalore,181-0,18,17,7,9
1359489,2023-04-10,Lucknow Super Giants,1 wickets,Lucknow Super Giants vs Royal Challengers Bangalore,M Chinnaswamy Stadium Bengaluru,Lucknow Super Giants,field,Royal Challengers Bangalore,212-2,Lucknow Super Giants,213-9,12,17,15,12
392233,2009-05-20,Kolkata Knight Riders,4 wickets,Kolkata Knight Riders vs Rajasthan Royals,Kingsmead,Kolkata Knight Riders,field,Rajasthan Royals,101-9,Kolkata Knight Riders,102-6,7,9,3,2
598019,2013-04-17,Rajasthan Royals,87 runs,Mumbai Indians vs Rajasthan Royals,Sawai Mansingh Stadium Jaipur,Rajasthan Royals,bat,Rajasthan Royals,179-3,Mumbai Indians,92-10,17,8,5,0
733981,2014-05-05,Chennai Super Kings,8 wickets,Chennai Super Kings vs Delhi Daredevils,Arun Jaitley Stadium Delhi,Chennai Super Kings,field,Delhi Daredevils,178-5,Chennai Super Kings,181-2,16,16,8,10
981013,2016-05-24,Royal Challengers Bangalore,4 wickets,Gujarat Lions vs Royal Challengers Bangalore,M Chinnaswamy Stadium Bengaluru,Royal Challengers Bangalore,field,Gujarat Lions,158-10,Royal Challengers Bangalore,159-6,12,12,8,7
1082649,2017-05-19,Mumbai Indians,6 wickets,Kolkata Knight Riders vs Mumbai Indians,M Chinnaswamy Stadium Bengaluru,Mumbai Indians,field,Kolkata Knight Riders,107-10,Mumbai Indians,111-4,8,13,3,1
1136572,2018-04-15,Kings XI Punjab,4 runs,Chennai Super Kings vs Kings XI Punjab,Punjab Cricket Association IS Bindra Stadium Mohali Chandigarh,Chennai Super Kings,field,Kings XI Punjab,197-7,Chennai Super Kings,193-5,19,15,9,8
419129,2010-03-28,Rajasthan Royals,17 runs,Chennai Super Kings vs Rajasthan Royals,Sardar Patel Stadium Motera,Rajasthan Royals,bat,Rajasthan Royals,177-8,Chennai Super Kings,160-6,15,11,7,6
1312199,2022-05-27,Rajasthan Royals,7 wickets,Rajasthan Royals vs Royal Challengers Bangalore,Narendra Modi Stadium Ahmedabad,Rajasthan Royals,field,Royal Challengers Bangalore,157-8,Rajasthan Royals,161-3,9,12,7,10
1304108,2022-05-15,Gujarat Titans,7 wickets,Chennai Super Kings vs Gujarat Titans,Wankhede Stadium Mumbai,Chennai Super Kings,bat,Chennai Super Kings,133-5,Gujarat Titans,137-3,7,15,4,1
734049,2014-06-01,Kolkata Knight Riders,3 wickets,Kings XI Punjab vs Kolkata Knight Riders,M Chinnaswamy Stadium Bengaluru,Kolkata Knight Riders,field,Kings XI Punjab,199-4,Kolkata Knight Riders,200-7,17,15,10,11
1359503,2023-04-21,Chennai Super Kings,7 wickets,Chennai Super Kings vs Sunrisers Hyderabad,MA Chidambaram Stadium Chepauk Chennai,Chennai Super Kings,field,Sunrisers Hyderabad,134-7,Chennai Super Kings,138-3,11,16,2,1
392213,2009-05-07,Rajasthan Royals,7 wickets,Rajasthan Royals vs Royal Challengers Bangalore,SuperSport Park,Rajasthan Royals,field,Royal Challengers Bangalore,105-10,Rajasthan Royals,107-3,6,10,3,3
1254116,2021-10-13,Kolkata Knight Riders,3 wickets,Delhi Capitals vs Kolkata Knight Riders,Sharjah Cricket Stadium,Kolkata Knight Riders,field,Delhi Capitals,135-5,Kolkata Knight Riders,136-7,6,5,6,6
829813,2015-05-17,No Result,,Delhi Daredevils vs Royal Challengers Bangalore,M Chinnaswamy Stadium Bengaluru,Royal Challengers Bangalore,field,Delhi Daredevils,187-5,Royal Challengers Bangalore,2-0,14,0,9,0
336026,2008-05-19,Delhi Daredevils,5 wickets,Delhi Daredevils vs Royal Challengers Bangalore,M Chinnaswamy Stadium Bengaluru,Delhi Daredevils,field,Royal Challengers Bangalore,154-7,Delhi Daredevils,158-5,14,19,6,3
548376,2012-05-20,Deccan Chargers,9 runs,Deccan Chargers vs Royal Challengers Bangalore,Rajiv Gandhi International Stadium Uppal Hyderabad,Royal Challengers Bangalore,field,Deccan Chargers,132-7,Royal Challengers Bangalore,123-9,7,7,5,6
1304082,2022-04-23,Sunrisers Hyderabad,9 wickets,Royal Challengers Bangalore vs Sunrisers Hyderabad,Brabourne Stadium Mumbai,Sunrisers Hyderabad,field,Royal Challengers Bangalore,68-10,Sunrisers Hyderabad,72-1,6,10,0,2
729293,2014-04-21,Chennai Super Kings,93 runs,Chennai Super Kings vs Delhi Daredevils,Sheikh Zayed Stadium,Chennai Super Kings,bat,Chennai Super Kings,177-7,Delhi Daredevils,84-9,14,7,5,0
392182,2009-04-18,Royal Challengers Bangalore,75 runs,Rajasthan Royals vs Royal Challengers Bangalore,Newlands,Royal Challengers Bangalore,bat,Royal Challengers Bangalore,133-8,Rajasthan Royals,58-10,15,1,2,2
419109,2010-03-14,Kolkata Knight Riders,7 wickets,Kolkata Knight Riders vs Royal Challengers Bangalore,Eden Gardens,Kolkata Knight Riders,field,Royal Challengers Bangalore,135-7,Kolkata Knight Riders,136-3,13,14,2,3
548321,2012-04-19,Delhi Daredevils,5 wickets,Deccan Chargers vs Delhi Daredevils,Arun Jaitley Stadium Delhi,Deccan Chargers,bat,Deccan Chargers,157-8,Delhi Daredevils,162-5,15,12,3,9
598039,2013-05-01,Sunrisers Hyderabad,7 wickets,Mumbai Indians vs Sunrisers Hyderabad,Rajiv Gandhi International Stadium Uppal Hyderabad,Mumbai Indians,bat,Mumbai Indians,129-4,Sunrisers Hyderabad,130-3,12,15,2,1
1304094,2022-05-03,Punjab Kings,8 wickets,Gujarat Titans vs Punjab Kings,Dr DY Patil Sports Academy Mumbai,Gujarat Titans,bat,Gujarat Titans,143-8,Punjab Kings,145-2,11,15,2,5
1359542,2023-05-20,Lucknow Super Giants,1 runs,Kolkata Knight Riders vs Lucknow Super Giants,Eden Gardens Kolkata,Kolkata Knight Riders,field,Lucknow Super Giants,176-8,Kolkata Knight Riders,175-7,12,17,10,7
729285,2014-04-18,Rajasthan Royals,4 wickets,Rajasthan Royals vs Sunrisers Hyderabad,Sheikh Zayed Stadium,Rajasthan Royals,field,Sunrisers Hyderabad,133-6,Rajasthan Royals,135-6,6,14,2,1
392194,2009-04-26,Delhi Daredevils,6 wickets,Delhi Daredevils vs Royal Challengers Bangalore,St George's Park,Royal Challengers Bangalore,bat,Royal Challengers Bangalore,149-7,Delhi Daredevils,150-4,8,10,5,4
1216518,2020-10-22,Sunrisers Hyderabad,8 wickets,Rajasthan Royals vs Sunrisers Hyderabad,Dubai International Cricket Stadium,Sunrisers Hyderabad,field,Rajasthan Royals,154-6,Sunrisers Hyderabad,156-2,12,12,4,9
548337,2012-04-24,Delhi Daredevils,8 wickets,Delhi Daredevils vs Pune Warriors,Subrata Roy Sahara Stadium,Pune Warriors,bat,Pune Warriors,146-2,Delhi Daredevils,148-2,13,14,3,5
392205,2009-05-02,Rajasthan Royals,3 wickets,Deccan Chargers vs Rajasthan Royals,St George's Park,Deccan Chargers,bat,Deccan Chargers,141-5,Rajasthan Royals,142-7,11,12,5,5
1359515,2023-04-30,Punjab Kings,4 wickets,Chennai Super Kings vs Punjab Kings,MA Chidambaram Stadium Chepauk Chennai,Chennai Super Kings,bat,Chennai Super Kings,200-4,Punjab Kings,201-6,23,13,6,9
829805,2015-05-14,Mumbai Indians,5 runs,Kolkata Knight Riders vs Mumbai Indians,Wankhede Stadium Mumbai,Kolkata Knight Riders,field,Mumbai Indians,171-4,Kolkata Knight Riders,166-7,18,19,4,3
1254100,2021-09-27,Sunrisers Hyderabad,7 wickets,Rajasthan Royals vs Sunrisers Hyderabad,Dubai International Cricket Stadium,Rajasthan Royals,bat,Rajasthan Royals,164-5,Sunrisers Hyderabad,167-3,14,16,5,4
1082628,2017-05-01,Mumbai Indians,5 wickets,Mumbai Indians vs Royal Challengers Bangalore,Wankhede Stadium Mumbai,Royal Challengers Bangalore,bat,Royal Challengers Bangalore,162-8,Mumbai Indians,165-6,10,17,8,3
419148,2010-04-10,Royal Challengers Bangalore,7 wickets,Kolkata Knight Riders vs Royal Challengers Bangalore,M Chinnaswamy Stadium Bengaluru,Royal Challengers Bangalore,field,Kolkata Knight Riders,160-9,Royal Challengers Bangalore,162-3,13,13,8,7
548360,2012-05-09,Royal Challengers Bangalore,9 wickets,Mumbai Indians vs Royal Challengers Bangalore,Wankhede Stadium Mumbai,Royal Challengers Bangalore,field,Mumbai Indians,141-6,Royal Challengers Bangalore,142-1,12,9,3,8
980927,2016-04-20,Mumbai Indians,6 wickets,Mumbai Indians vs Royal Challengers Bangalore,Wankhede Stadium Mumbai,Mumbai Indians,field,Royal Challengers Bangalore,170-7,Mumbai Indians,171-4,12,16,7,8
1304057,2022-04-03,Punjab Kings,54 runs,Chennai Super Kings vs Punjab Kings,Brabourne Stadium Mumbai,Chennai Super Kings,field,Punjab Kings,180-8,Chennai Super Kings,126-10,12,11,11,5
729303,2014-04-25,Chennai Super Kings,7 wickets,Chennai Super Kings vs Mumbai Indians,Dubai International Cricket Stadium,Mumbai Indians,bat,Mumbai Indians,141-7,Chennai Super Kings,142-3,12,9,4,7
1178411,2019-04-20,Rajasthan Royals,5 wickets,Mumbai Indians vs Rajasthan Royals,Sawai Mansingh Stadium Jaipur,Rajasthan Royals,field,Mumbai Indians,161-5,Rajasthan Royals,162-5,11,19,6,3
1175366,2019-03-31,Sunrisers Hyderabad,118 runs,Royal Challengers Bangalore vs Sunrisers Hyderabad,Rajiv Gandhi International Stadium Uppal Hyderabad,Royal Challengers Bangalore,field,Sunrisers Hyderabad,231-2,Royal Challengers Bangalore,113-10,17,9,13,4
1082595,2017-04-08,Royal Challengers Bangalore,15 runs,Delhi Daredevils vs Royal Challengers Bangalore,M Chinnaswamy Stadium Bengaluru,Royal Challengers Bangalore,bat,Royal Challengers Bangalore,157-8,Delhi Daredevils,142-9,14,10,7,5
1304112,2022-05-18,Lucknow Super Giants,2 runs,Kolkata Knight Riders vs Lucknow Super Giants,Dr DY Patil Sports Academy Mumbai,Lucknow Super Giants,bat,Lucknow Super Giants,210-0,Kolkata Knight Riders,208-8,13,18,14,13
598003,2013-04-07,Kings XI Punjab,8 wickets,Kings XI Punjab vs Pune Warriors,Subrata Roy Sahara Stadium,Pune Warriors,bat,Pune Warriors,99-9,Kings XI Punjab,100-2,10,14,1,1
1216534,2020-09-21,Royal Challengers Bangalore,10 runs,Royal Challengers Bangalore vs Sunrisers Hyderabad,Dubai International Cricket Stadium,Sunrisers Hyderabad,field,Royal Challengers Bangalore,163-5,Sunrisers Hyderabad,153-10,13,14,4,3
829741,2015-04-21,Tie,,Kings XI Punjab vs Rajasthan Royals,Sardar Patel Stadium Motera,Kings XI Punjab,field,Rajasthan Royals,191-6,Kings XI Punjab,191-6,16,12,8,10
1136587,2018-04-28,Mumbai Indians,8 wickets,Chennai Super Kings vs Mumbai Indians,Maharashtra Cricket Association Stadium Pune,Mumbai Indians,field,Chennai Super Kings,169-5,Mumbai Indians,170-2,12,14,9,6
981009,2016-05-22,Kolkata Knight Riders,22 runs,Kolkata Knight Riders vs Sunrisers Hyderabad,Eden Gardens,Sunrisers Hyderabad,field,Kolkata Knight Riders,171-6,Sunrisers Hyderabad,149-8,13,9,5,6
501231,2011-04-29,Rajasthan Royals,7 wickets,Mumbai Indians vs Rajasthan Royals,Sawai Mansingh Stadium Jaipur,Rajasthan Royals,field,Mumbai Indians,94-8,Rajasthan Royals,95-3,4,7,2,2
1136568,2018-04-13,Royal Challengers Bangalore,4 wickets,Kings XI Punjab vs Royal Challengers Bangalore,M Chinnaswamy Stadium Bengaluru,Royal Challengers Bangalore,field,Kings XI Punjab,155-10,Royal Challengers Bangalore,159-6,12,16,6,5
419133,2010-03-31,Chennai Super Kings,5 wickets,Chennai Super Kings vs Royal Challengers Bangalore,MA Chidambaram Stadium Chepauk Chennai,Royal Challengers Bangalore,bat,Royal Challengers Bangalore,161-4,Chennai Super Kings,162-5,16,9,5,8
1254086,2021-05-02,Delhi Capitals,7 wickets,Delhi Capitals vs Punjab Kings,Narendra Modi Stadium Ahmedabad,Delhi Capitals,field,Punjab Kings,166-6,Delhi Capitals,167-3,11,12,7,8
1136616,2018-05-20,Chennai Super Kings,5 wickets,Chennai Super Kings vs Kings XI Punjab,Maharashtra Cricket Association Stadium Pune,Chennai Super Kings,field,Kings XI Punjab,153-10,Chennai Super Kings,159-5,9,11,8,7
1359539,2023-05-18,Royal Challengers Bangalore,8 wickets,Royal Challengers Bangalore vs Sunrisers Hyderabad,Rajiv Gandhi International Stadium Uppal Hyderabad,Royal Challengers Bangalore,field,Sunrisers Hyderabad,186-5,Royal Challengers Bangalore,187-2,15,20,8,6
1254069,2021-04-19,Chennai Super Kings,45 runs,Chennai Super Kings vs Rajasthan Royals,Wankhede Stadium Mumbai,Rajasthan Royals,field,Chennai Super Kings,188-9,Rajasthan Royals,143-9,12,10,10,6
1359493,2023-04-14,Sunrisers Hyderabad,23 runs,Kolkata Knight Riders vs Sunrisers Hyderabad,Eden Gardens Kolkata,Kolkata Knight Riders,field,Sunrisers Hyderabad,228-4,Kolkata Knight Riders,205-7,21,18,11,11
392229,2009-05-17,Kings XI Punjab,1 runs,Deccan Chargers vs Kings XI Punjab,New Wanderers Stadium,Deccan Chargers,field,Kings XI Punjab,134-7,Deccan Chargers,133-8,10,12,3,4
598054,2013-05-10,Royal Challengers Bangalore,4 runs,Delhi Daredevils vs Royal Challengers Bangalore,Arun Jaitley Stadium Delhi,Delhi Daredevils,field,Royal Challengers Bangalore,183-4,Delhi Daredevils,179-7,19,23,6,3
419164,2010-04-24,Royal Challengers Bangalore,9 wickets,Deccan Chargers vs Royal Challengers Bangalore,Dr DY Patil Sports Academy Mumbai,Deccan Chargers,bat,Deccan Chargers,82-10,Royal Challengers Bangalore,86-1,8,9,2,2
501266,2011-05-22,Royal Challengers Bangalore,8 wickets,Chennai Super Kings vs Royal Challengers Bangalore,M Chinnaswamy Stadium Bengaluru,Royal Challengers Bangalore,field,Chennai Super Kings,128-8,Royal Challengers Bangalore,129-2,7,10,7,6
1082604,2017-04-15,Kolkata Knight Riders,17 runs,Kolkata Knight Riders vs Sunrisers Hyderabad,Eden Gardens,Sunrisers Hyderabad,field,Kolkata Knight Riders,172-6,Sunrisers Hyderabad,155-6,13,16,7,5
1136600,2018-05-08,Rajasthan Royals,15 runs,Kings XI Punjab vs Rajasthan Royals,Sawai Mansingh Stadium Jaipur,Rajasthan Royals,bat,Rajasthan Royals,158-8,Kings XI Punjab,143-7,13,13,4,2
1254090,2021-10-03,Royal Challengers Bangalore,6 runs,Punjab Kings vs Royal Challengers Bangalore,Sharjah Cricket Stadium,Royal Challengers Bangalore,bat,Royal Challengers Bangalore,164-7,Punjab Kings,158-6,10,10,10,7
1359485,2023-04-08,Rajasthan Royals,57 runs,Delhi Capitals vs Rajasthan Royals,Barsapara Cricket Stadium Guwahati,Delhi Capitals,field,Rajasthan Royals,199-4,Delhi Capitals,142-9,23,15,7,0
980989,2016-05-14,Kolkata Knight Riders,8 wickets,Kolkata Knight Riders vs Rising Pune Supergiants,Eden Gardens,Rising Pune Supergiants,bat,Rising Pune Supergiants,103-6,Kolkata Knight Riders,66-2,7,6,2,3
598042,2013-05-02,Royal Challengers Bangalore,17 runs,Pune Warriors vs Royal Challengers Bangalore,Subrata Roy Sahara Stadium,Royal Challengers Bangalore,bat,Royal Challengers Bangalore,187-3,Pune Warriors,170-9,17,9,6,11
1082612,2017-04-20,Mumbai Indians,8 wickets,Kings XI Punjab vs Mumbai Indians,Holkar Cricket Stadium,Mumbai Indians,field,Kings XI Punjab,198-4,Mumbai Indians,199-2,17,13,9,15
501270,2011-05-27,Royal Challengers Bangalore,43 runs,Mumbai Indians vs Royal Challengers Bangalore,MA Chidambaram Stadium Chepauk Chennai,Mumbai Indians,field,Royal Challengers Bangalore,185-4,Mumbai Indians,142-8,13,13,8,4
1178407,2019-04-16,Kings XI Punjab,12 runs,Kings XI Punjab vs Rajasthan Royals,Punjab Cricket Association IS Bindra Stadium Mohali Chandigarh,Rajasthan Royals,field,Kings XI Punjab,182-6,Rajasthan Royals,170-7,9,10,11,5
729315,2014-04-29,Tie,,Kolkata Knight Riders vs Rajasthan Royals,Sheikh Zayed Stadium,Rajasthan Royals,bat,Rajasthan Royals,152-5,Kolkata Knight Riders,152-8,17,12,1,2
980931,2016-04-22,Royal Challengers Bangalore,13 runs,Rising Pune Supergiants vs Royal Challengers Bangalore,Maharashtra Cricket Association Stadium Pune,Rising Pune Supergiants,field,Royal Challengers Bangalore,185-3,Rising Pune Supergiants,172-9,14,16,6,4
1304104,2022-05-11,Delhi Capitals,8 wickets,Delhi Capitals vs Rajasthan Royals,Dr DY Patil Sports Academy Mumbai,Delhi Capitals,field,Rajasthan Royals,160-6,Delhi Capitals,161-2,14,10,6,10
1175370,2019-04-03,Mumbai Indians,37 runs,Chennai Super Kings vs Mumbai Indians,Wankhede Stadium Mumbai,Chennai Super Kings,field,Mumbai Indians,170-5,Chennai Super Kings,133-8,16,13,7,4
1136591,2018-05-01,Royal Challengers Bangalore,14 runs,Mumbai Indians vs Royal Challengers Bangalore,M Chinnaswamy Stadium Bengaluru,Mumbai Indians,field,Royal Challengers Bangalore,167-7,Mumbai Indians,153-7,10,13,11,3
829757,2015-04-26,Royal Challengers Bangalore,10 wickets,Delhi Daredevils vs Royal Challengers Bangalore,Arun Jaitley Stadium Delhi,Royal Challengers Bangalore,field,Delhi Daredevils,95-10,Royal Challengers Bangalore,99-0,8,12,1,4
1216522,2020-10-17,Royal Challengers Bangalore,7 wickets,Rajasthan Royals vs Royal Challengers Bangalore,Dubai International Cricket Stadium,Rajasthan Royals,bat,Rajasthan Royals,177-6,Royal Challengers Bangalore,179-3,17,5,5,10
598015,2013-04-15,Pune Warriors,24 runs,Chennai Super Kings vs Pune Warriors,MA Chidambaram Stadium Chepauk Chennai,Pune Warriors,bat,Pune Warriors,159-5,Chennai Super Kings,135-8,16,10,5,3
419125,2010-03-25,Mumbai Indians,5 wickets,Chennai Super Kings vs Mumbai Indians,Brabourne Stadium Mumbai,Mumbai Indians,field,Chennai Super Kings,180-2,Mumbai Indians,181-5,18,16,3,6
501227,2011-04-26,Royal Challengers Bangalore,3 wickets,Delhi Daredevils vs Royal Challengers Bangalore,Arun Jaitley Stadium Delhi,Royal Challengers Bangalore,field,Delhi Daredevils,160-6,Royal Challengers Bangalore,161-7,13,17,5,5
1082645,2017-05-14,Rising Pune Supergiant,9 wickets,Kings XI Punjab vs Rising Pune Supergiant,Maharashtra Cricket Association Stadium Pune,Rising Pune Supergiant,field,Kings XI Punjab,73-10,Rising Pune Supergiant,78-1,5,5,2,2
734039,2014-05-25,Kings XI Punjab,7 wickets,Delhi Daredevils vs Kings XI Punjab,Punjab Cricket Association IS Bindra Stadium Mohali Chandigarh,Kings XI Punjab,field,Delhi Daredevils,115-10,Kings XI Punjab,119-3,15,10,0,4
548306,2012-04-04,Mumbai Indians,8 wickets,Chennai Super Kings vs Mumbai Indians,MA Chidambaram Stadium Chepauk Chennai,Mumbai Indians,field,Chennai Super Kings,112-10,Mumbai Indians,115-3,6,9,1,5
1216529,2020-10-11,Mumbai Indians,5 wickets,Delhi Capitals vs Mumbai Indians,Sheikh Zayed Stadium,Delhi Capitals,bat,Delhi Capitals,162-4,Mumbai Indians,166-5,17,15,1,6
1136575,2018-04-18,Kolkata Knight Riders,7 wickets,Kolkata Knight Riders vs Rajasthan Royals,Sawai Mansingh Stadium Jaipur,Kolkata Knight Riders,field,Rajasthan Royals,160-8,Kolkata Knight Riders,163-3,15,15,4,6
1254074,2021-04-23,Punjab Kings,9 wickets,Mumbai Indians vs Punjab Kings,MA Chidambaram Stadium Chepauk Chennai,Punjab Kings,field,Mumbai Indians,131-6,Punjab Kings,132-1,8,12,4,6
1359524,2023-05-06,Delhi Capitals,7 wickets,Delhi Capitals vs Royal Challengers Bangalore,Arun Jaitley Stadium Delhi,Royal Challengers Bangalore,bat,Royal Challengers Bangalore,181-4,Delhi Capitals,187-3,16,15,6,12
392234,2009-05-20,Chennai Super Kings,24 runs,Chennai Super Kings vs Kings XI Punjab,Kingsmead,Chennai Super Kings,bat,Chennai Super Kings,116-9,Kings XI Punjab,92-8,11,5,2,1
548351,2012-05-03,Mumbai Indians,1 runs,Mumbai Indians vs Pune Warriors,Subrata Roy Sahara Stadium,Mumbai Indians,bat,Mumbai Indians,120-9,Pune Warriors,119-6,10,12,2,1
598049,2013-05-07,Rajasthan Royals,9 wickets,Delhi Daredevils vs Rajasthan Royals,Sawai Mansingh Stadium Jaipur,Delhi Daredevils,bat,Delhi Daredevils,154-4,Rajasthan Royals,155-1,19,15,2,2
336001,2008-05-02,Delhi Daredevils,8 wickets,Chennai Super Kings vs Delhi Daredevils,MA Chidambaram Stadium Chepauk Chennai,Chennai Super Kings,bat,Chennai Super Kings,169-6,Delhi Daredevils,172-2,17,16,5,5
1359477,2023-04-01,Lucknow Super Giants,50 runs,Delhi Capitals vs Lucknow Super Giants,Bharat Ratna Shri Atal Bihari Vajpayee Ekana Cricket Stadium Lucknow,Delhi Capitals,field,Lucknow Super Giants,193-6,Delhi Capitals,143-9,5,15,16,2
1359498,2023-04-17,Chennai Super Kings,8 runs,Chennai Super Kings vs Royal Challengers Bangalore,M Chinnaswamy Stadium Bengaluru,Royal Challengers Bangalore,field,Chennai Super Kings,226-6,Royal Challengers Bangalore,218-8,12,12,17,16
392222,2009-05-12,Mumbai Indians,8 wickets,Kings XI Punjab vs Mumbai Indians,SuperSport Park,Kings XI Punjab,bat,Kings XI Punjab,119-9,Mumbai Indians,122-2,10,12,3,4
1359532,2023-05-13,Lucknow Super Giants,7 wickets,Lucknow Super Giants vs Sunrisers Hyderabad,Rajiv Gandhi International Stadium Uppal Hyderabad,Sunrisers Hyderabad,bat,Sunrisers Hyderabad,182-6,Lucknow Super Giants,185-3,18,15,8,10
1254062,2021-04-13,Mumbai Indians,10 runs,Kolkata Knight Riders vs Mumbai Indians,MA Chidambaram Stadium Chepauk Chennai,Kolkata Knight Riders,field,Mumbai Indians,152-10,Kolkata Knight Riders,142-7,16,14,3,3
548347,2012-04-30,Kolkata Knight Riders,5 wickets,Chennai Super Kings vs Kolkata Knight Riders,MA Chidambaram Stadium Chepauk Chennai,Chennai Super Kings,bat,Chennai Super Kings,139-5,Kolkata Knight Riders,140-5,8,10,2,2
336017,2008-05-13,Kolkata Knight Riders,23 runs,Delhi Daredevils vs Kolkata Knight Riders,Eden Gardens,Kolkata Knight Riders,bat,Kolkata Knight Riders,133-6,Delhi Daredevils,110-10,10,13,3,0
548310,2012-04-07,Royal Challengers Bangalore,20 runs,Delhi Daredevils vs Royal Challengers Bangalore,M Chinnaswamy Stadium Bengaluru,Delhi Daredevils,field,Royal Challengers Bangalore,157-8,Delhi Daredevils,137-7,14,13,5,2
1216495,2020-11-03,Sunrisers Hyderabad,10 wickets,Mumbai Indians vs Sunrisers Hyderabad,Sharjah Cricket Stadium,Sunrisers Hyderabad,field,Mumbai Indians,149-8,Sunrisers Hyderabad,151-0,10,17,8,2
598008,2013-04-11,Royal Challengers Bangalore,8 wickets,Kolkata Knight Riders vs Royal Challengers Bangalore,M Chinnaswamy Stadium Bengaluru,Royal Challengers Bangalore,field,Kolkata Knight Riders,154-8,Royal Challengers Bangalore,158-2,17,11,2,12
1136563,2018-04-08,Kolkata Knight Riders,4 wickets,Kolkata Knight Riders vs Royal Challengers Bangalore,Eden Gardens,Kolkata Knight Riders,field,Royal Challengers Bangalore,176-7,Kolkata Knight Riders,177-6,14,15,10,9
336040,2008-06-01,Rajasthan Royals,3 wickets,Chennai Super Kings vs Rajasthan Royals,Dr DY Patil Sports Academy Mumbai,Rajasthan Royals,field,Chennai Super Kings,163-5,Rajasthan Royals,164-7,9,12,7,5
419138,2010-04-03,Mumbai Indians,63 runs,Deccan Chargers vs Mumbai Indians,Brabourne Stadium Mumbai,Mumbai Indians,bat,Mumbai Indians,178-5,Deccan Chargers,115-10,16,8,5,1
980957,2016-05-01,Mumbai Indians,8 wickets,Mumbai Indians vs Rising Pune Supergiants,Maharashtra Cricket Association Stadium Pune,Mumbai Indians,field,Rising Pune Supergiants,159-5,Mumbai Indians,161-2,10,15,6,5
1082623,2017-04-28,Sunrisers Hyderabad,26 runs,Kings XI Punjab vs Sunrisers Hyderabad,Punjab Cricket Association IS Bindra Stadium Mohali Chandigarh,Kings XI Punjab,field,Sunrisers Hyderabad,207-3,Kings XI Punjab,181-9,19,25,7,4
501241,2011-05-04,Mumbai Indians,21 runs,Mumbai Indians vs Pune Warriors,Dr DY Patil Sports Academy Mumbai,Pune Warriors,field,Mumbai Indians,160-7,Pune Warriors,139-7,13,8,6,7
419143,2010-04-07,Rajasthan Royals,9 wickets,Kings XI Punjab vs Rajasthan Royals,Sawai Mansingh Stadium Jaipur,Kings XI Punjab,bat,Kings XI Punjab,153-6,Rajasthan Royals,157-1,13,20,4,5
1216544,2020-10-25,Chennai Super Kings,8 wickets,Chennai Super Kings vs Royal Challengers Bangalore,Dubai International Cricket Stadium,Royal Challengers Bangalore,bat,Royal Challengers Bangalore,145-6,Chennai Super Kings,150-2,11,12,2,7
598073,2013-05-26,Mumbai Indians,23 runs,Chennai Super Kings vs Mumbai Indians,Eden Gardens,Mumbai Indians,bat,Mumbai Indians,148-9,Chennai Super Kings,125-9,18,8,3,6
829731,2015-04-18,Delhi Daredevils,4 runs,Delhi Daredevils vs Sunrisers Hyderabad,Dr. Y.S. Rajasekhara Reddy ACA-VDCA Cricket Stadium,Delhi Daredevils,bat,Delhi Daredevils,167-4,Sunrisers Hyderabad,163-8,9,10,9,8
734003,2014-05-13,Chennai Super Kings,5 wickets,Chennai Super Kings vs Rajasthan Royals,JSCA International Stadium Complex,Rajasthan Royals,bat,Rajasthan Royals,148-8,Chennai Super Kings,149-5,10,9,7,5
1304070,2022-04-14,Gujarat Titans,37 runs,Gujarat Titans vs Rajasthan Royals,Dr DY Patil Sports Academy Mumbai,Rajasthan Royals,field,Gujarat Titans,192-4,Rajasthan Royals,155-9,22,12,7,7
335990,2008-04-24,Rajasthan Royals,3 wickets,Deccan Chargers vs Rajasthan Royals,Rajiv Gandhi International Stadium Uppal Hyderabad,Rajasthan Royals,field,Deccan Chargers,214-5,Rajasthan Royals,217-7,24,18,9,14
419114,2010-03-17,Mumbai Indians,98 runs,Delhi Daredevils vs Mumbai Indians,Arun Jaitley Stadium Delhi,Delhi Daredevils,field,Mumbai Indians,218-7,Delhi Daredevils,120-9,19,14,9,2
501216,2011-04-19,Deccan Chargers,16 runs,Deccan Chargers vs Delhi Daredevils,Arun Jaitley Stadium Delhi,Deccan Chargers,bat,Deccan Chargers,168-4,Delhi Daredevils,152-7,20,12,3,5
829789,2015-05-08,Mumbai Indians,6 wickets,Chennai Super Kings vs Mumbai Indians,MA Chidambaram Stadium Chepauk Chennai,Chennai Super Kings,bat,Chennai Super Kings,158-5,Mumbai Indians,159-4,14,10,5,8
598024,2013-04-21,Delhi Daredevils,9 wickets,Delhi Daredevils vs Mumbai Indians,Arun Jaitley Stadium Delhi,Mumbai Indians,bat,Mumbai Indians,161-4,Delhi Daredevils,165-1,11,22,8,3
1216513,2020-10-04,Chennai Super Kings,10 wickets,Chennai Super Kings vs Kings XI Punjab,Dubai International Cricket Stadium,Kings XI Punjab,bat,Kings XI Punjab,178-4,Chennai Super Kings,181-0,14,22,6,4
1175357,2019-03-24,Kolkata Knight Riders,6 wickets,Kolkata Knight Riders vs Sunrisers Hyderabad,Eden Gardens,Kolkata Knight Riders,field,Sunrisers Hyderabad,181-3,Kolkata Knight Riders,183-4,15,15,6,11
734015,2014-05-18,Kolkata Knight Riders,7 wickets,Kolkata Knight Riders vs Sunrisers Hyderabad,Rajiv Gandhi International Stadium Uppal Hyderabad,Sunrisers Hyderabad,bat,Sunrisers Hyderabad,142-8,Kolkata Knight Riders,146-3,13,13,4,5
1304089,2022-04-30,Gujarat Titans,6 wickets,Gujarat Titans vs Royal Challengers Bangalore,Brabourne Stadium Mumbai,Royal Challengers Bangalore,bat,Royal Challengers Bangalore,170-6,Gujarat Titans,174-4,16,18,6,4
1304066,2022-04-10,Rajasthan Royals,3 runs,Lucknow Super Giants vs Rajasthan Royals,Wankhede Stadium Mumbai,Lucknow Super Giants,field,Rajasthan Royals,165-6,Lucknow Super Giants,162-8,10,13,10,6
335986,2008-04-20,Kolkata Knight Riders,5 wickets,Deccan Chargers vs Kolkata Knight Riders,Eden Gardens,Deccan Chargers,bat,Deccan Chargers,110-10,Kolkata Knight Riders,112-5,6,5,6,4
1178420,2019-04-27,Rajasthan Royals,7 wickets,Rajasthan Royals vs Sunrisers Hyderabad,Sawai Mansingh Stadium Jaipur,Rajasthan Royals,field,Sunrisers Hyderabad,160-8,Rajasthan Royals,161-3,12,15,1,5
501200,2011-04-09,Royal Challengers Bangalore,6 wickets,Kochi Tuskers Kerala vs Royal Challengers Bangalore,Nehru Stadium,Kochi Tuskers Kerala,bat,Kochi Tuskers Kerala,161-5,Royal Challengers Bangalore,162-4,13,12,5,7
392189,2009-04-23,Delhi Daredevils,9 runs,Chennai Super Kings vs Delhi Daredevils,Kingsmead,Delhi Daredevils,bat,Delhi Daredevils,189-5,Chennai Super Kings,180-9,16,14,8,5
1216505,2020-11-02,Delhi Capitals,6 wickets,Delhi Capitals vs Royal Challengers Bangalore,Sheikh Zayed Stadium,Delhi Capitals,field,Royal Challengers Bangalore,152-7,Delhi Capitals,154-4,12,14,4,2
598032,2013-04-27,Rajasthan Royals,8 wickets,Rajasthan Royals vs Sunrisers Hyderabad,Sawai Mansingh Stadium Jaipur,Sunrisers Hyderabad,bat,Sunrisers Hyderabad,144-9,Rajasthan Royals,146-2,16,18,2,5
392218,2009-05-10,Mumbai Indians,16 runs,Mumbai Indians vs Royal Challengers Bangalore,St George's Park,Mumbai Indians,bat,Mumbai Indians,157-2,Royal Challengers Bangalore,141-7,10,9,4,3
1359508,2023-04-24,Delhi Capitals,7 runs,Delhi Capitals vs Sunrisers Hyderabad,Rajiv Gandhi International Stadium Uppal Hyderabad,Delhi Capitals,bat,Delhi Capitals,144-9,Sunrisers Hyderabad,137-6,15,13,2,1
1254058,2021-04-09,Royal Challengers Bangalore,2 wickets,Mumbai Indians vs Royal Challengers Bangalore,MA Chidambaram Stadium Chepauk Chennai,Royal Challengers Bangalore,field,Mumbai Indians,159-9,Royal Challengers Bangalore,160-8,15,12,6,4
980941,2016-04-25,Mumbai Indians,25 runs,Kings XI Punjab vs Mumbai Indians,Punjab Cricket Association IS Bindra Stadium Mohali Chandigarh,Kings XI Punjab,field,Mumbai Indians,189-6,Kings XI Punjab,164-7,18,11,7,5
419155,2010-04-15,Delhi Daredevils,6 wickets,Chennai Super Kings vs Delhi Daredevils,MA Chidambaram Stadium Chepauk Chennai,Chennai Super Kings,bat,Chennai Super Kings,112-9,Delhi Daredevils,113-4,10,8,1,0
501257,2011-05-15,Kings XI Punjab,29 runs,Delhi Daredevils vs Kings XI Punjab,Himachal Pradesh Cricket Association Stadium,Delhi Daredevils,field,Kings XI Punjab,170-6,Delhi Daredevils,141-8,20,13,6,6
1082635,2017-05-06,Mumbai Indians,146 runs,Delhi Daredevils vs Mumbai Indians,Arun Jaitley Stadium Delhi,Delhi Daredevils,field,Mumbai Indians,212-3,Delhi Daredevils,66-10,15,5,11,3
829727,2015-04-16,Rajasthan Royals,6 wickets,Rajasthan Royals vs Sunrisers Hyderabad,Dr. Y.S. Rajasekhara Reddy ACA-VDCA Cricket Stadium,Rajasthan Royals,field,Sunrisers Hyderabad,127-5,Rajasthan Royals,131-4,11,15,4,0
598065,2013-05-17,Sunrisers Hyderabad,23 runs,Rajasthan Royals vs Sunrisers Hyderabad,Rajiv Gandhi International Stadium Uppal Hyderabad,Sunrisers Hyderabad,bat,Sunrisers Hyderabad,136-9,Rajasthan Royals,113-9,7,7,2,4
1178396,2019-04-07,Kolkata Knight Riders,8 wickets,Kolkata Knight Riders vs Rajasthan Royals,Sawai Mansingh Stadium Jaipur,Kolkata Knight Riders,field,Rajasthan Royals,139-3,Kolkata Knight Riders,140-2,13,13,2,8
1216525,2020-10-10,Royal Challengers Bangalore,37 runs,Chennai Super Kings vs Royal Challengers Bangalore,Dubai International Cricket Stadium,Royal Challengers Bangalore,bat,Royal Challengers Bangalore,169-4,Chennai Super Kings,132-8,8,12,7,1
598012,2013-04-13,Chennai Super Kings,4 wickets,Chennai Super Kings vs Royal Challengers Bangalore,MA Chidambaram Stadium Chepauk Chennai,Chennai Super Kings,field,Royal Challengers Bangalore,165-6,Chennai Super Kings,166-6,13,13,4,4
1136596,2018-05-05,Sunrisers Hyderabad,7 wickets,Delhi Daredevils vs Sunrisers Hyderabad,Rajiv Gandhi International Stadium Uppal Hyderabad,Delhi Daredevils,bat,Delhi Daredevils,163-5,Sunrisers Hyderabad,164-3,11,9,6,7
1136579,2018-04-21,Royal Challengers Bangalore,6 wickets,Delhi Daredevils vs Royal Challengers Bangalore,M Chinnaswamy Stadium Bengaluru,Royal Challengers Bangalore,field,Delhi Daredevils,174-5,Royal Challengers Bangalore,176-4,13,14,10,9
1082642,2017-05-12,Delhi Daredevils,7 runs,Delhi Daredevils vs Rising Pune Supergiant,Arun Jaitley Stadium Delhi,Delhi Daredevils,bat,Delhi Daredevils,168-8,Rising Pune Supergiant,161-7,14,13,6,6
501220,2011-04-21,Kings XI Punjab,48 runs,Kings XI Punjab vs Rajasthan Royals,Punjab Cricket Association IS Bindra Stadium Mohali Chandigarh,Rajasthan Royals,field,Kings XI Punjab,195-7,Rajasthan Royals,147-7,19,16,7,2
419122,2010-03-22,Mumbai Indians,7 wickets,Kolkata Knight Riders vs Mumbai Indians,Brabourne Stadium Mumbai,Kolkata Knight Riders,bat,Kolkata Knight Riders,155-3,Mumbai Indians,156-3,15,21,2,1
1178400,2019-04-11,Chennai Super Kings,4 wickets,Chennai Super Kings vs Rajasthan Royals,Sawai Mansingh Stadium Jaipur,Chennai Super Kings,field,Rajasthan Royals,151-7,Chennai Super Kings,155-6,16,5,2,8
1304103,2022-05-10,Gujarat Titans,62 runs,Gujarat Titans vs Lucknow Super Giants,Maharashtra Cricket Association Stadium Pune,Gujarat Titans,bat,Gujarat Titans,144-4,Lucknow Super Giants,82-10,15,7,1,3
734035,2014-05-24,Chennai Super Kings,8 wickets,Chennai Super Kings vs Royal Challengers Bangalore,M Chinnaswamy Stadium Bengaluru,Chennai Super Kings,field,Royal Challengers Bangalore,154-6,Chennai Super Kings,160-2,10,13,6,7
829707,2015-04-09,Chennai Super Kings,1 runs,Chennai Super Kings vs Delhi Daredevils,MA Chidambaram Stadium Chepauk Chennai,Delhi Daredevils,field,Chennai Super Kings,150-7,Delhi Daredevils,149-9,13,15,3,2
598045,2013-05-14,Kings XI Punjab,7 wickets,Kings XI Punjab vs Royal Challengers Bangalore,M Chinnaswamy Stadium Bengaluru,Kings XI Punjab,field,Royal Challengers Bangalore,174-5,Kings XI Punjab,176-3,15,21,9,5
1082615,2017-04-22,Rising Pune Supergiant,6 wickets,Rising Pune Supergiant vs Sunrisers Hyderabad,Maharashtra Cricket Association Stadium Pune,Rising Pune Supergiant,field,Sunrisers Hyderabad,176-3,Rising Pune Supergiant,179-4,17,16,5,8
1370350,2023-05-23,Chennai Super Kings,15 runs,Chennai Super Kings vs Gujarat Titans,MA Chidambaram Stadium Chepauk Chennai,Gujarat Titans,field,Chennai Super Kings,172-7,Gujarat Titans,157-10,14,13,4,5
1254097,2021-09-25,Delhi Capitals,33 runs,Delhi Capitals vs Rajasthan Royals,Zayed Cricket Stadium Abu Dhabi,Rajasthan Royals,field,Delhi Capitals,154-6,Rajasthan Royals,121-6,10,8,3,2
1136607,2018-05-13,Rajasthan Royals,7 wickets,Mumbai Indians vs Rajasthan Royals,Wankhede Stadium Mumbai,Rajasthan Royals,field,Mumbai Indians,168-6,Rajasthan Royals,171-3,15,16,7,7
980961,2016-05-03,Delhi Daredevils,8 wickets,Delhi Daredevils vs Gujarat Lions,Saurashtra Cricket Association Stadium,Delhi Daredevils,field,Gujarat Lions,149-7,Delhi Daredevils,150-2,14,16,2,4
1359482,2023-04-05,Punjab Kings,5 runs,Punjab Kings vs Rajasthan Royals,Barsapara Cricket Stadium Guwahati,Rajasthan Royals,field,Punjab Kings,197-5,Rajasthan Royals,192-7,19,13,7,10
392238,2009-05-23,Royal Challengers Bangalore,6 wickets,Chennai Super Kings vs Royal Challengers Bangalore,New Wanderers Stadium,Royal Challengers Bangalore,field,Chennai Super Kings,146-5,Royal Challengers Bangalore,149-4,11,16,4,4
1359528,2023-05-09,Mumbai Indians,6 wickets,Mumbai Indians vs Royal Challengers Bangalore,Wankhede Stadium Mumbai,Mumbai Indians,field,Royal Challengers Bangalore,199-6,Mumbai Indians,200-4,21,16,8,13
1254078,2021-04-26,Kolkata Knight Riders,5 wickets,Kolkata Knight Riders vs Punjab Kings,Narendra Modi Stadium Ahmedabad,Kolkata Knight Riders,field,Punjab Kings,123-9,Kolkata Knight Riders,126-5,5,17,8,2
598053,2013-05-09,Kolkata Knight Riders,46 runs,Kolkata Knight Riders vs Pune Warriors,Subrata Roy Sahara Stadium,Kolkata Knight Riders,bat,Kolkata Knight Riders,152-6,Pune Warriors,106-10,15,4,2,4
829711,2015-04-11,Chennai Super Kings,45 runs,Chennai Super Kings vs Sunrisers Hyderabad,MA Chidambaram Stadium Chepauk Chennai,Chennai Super Kings,bat,Chennai Super Kings,209-4,Sunrisers Hyderabad,164-6,16,8,14,7
1082603,2017-04-14,Gujarat Lions,7 wickets,Gujarat Lions vs Rising Pune Supergiant,Saurashtra Cricket Association Stadium,Gujarat Lions,field,Rising Pune Supergiant,171-8,Gujarat Lions,172-3,15,20,6,7
501261,2011-05-18,Chennai Super Kings,11 runs,Chennai Super Kings vs Kochi Tuskers Kerala,MA Chidambaram Stadium Chepauk Chennai,Chennai Super Kings,bat,Chennai Super Kings,152-5,Kochi Tuskers Kerala,141-5,10,10,6,3
419163,2010-04-22,Chennai Super Kings,38 runs,Chennai Super Kings vs Deccan Chargers,Dr DY Patil Sports Academy Mumbai,Chennai Super Kings,bat,Chennai Super Kings,142-7,Deccan Chargers,104-10,11,9,4,2
980977,2016-05-09,Royal Challengers Bangalore,1 runs,Kings XI Punjab vs Royal Challengers Bangalore,Punjab Cricket Association IS Bindra Stadium Mohali Chandigarh,Kings XI Punjab,field,Royal Challengers Bangalore,175-6,Kings XI Punjab,174-4,15,19,3,2
1136611,2018-05-17,Royal Challengers Bangalore,14 runs,Royal Challengers Bangalore vs Sunrisers Hyderabad,M Chinnaswamy Stadium Bengaluru,Sunrisers Hyderabad,field,Royal Challengers Bangalore,218-6,Sunrisers Hyderabad,204-3,20,16,12,12
1254081,2021-04-29,Mumbai Indians,7 wickets,Mumbai Indians vs Rajasthan Royals,Arun Jaitley Stadium Delhi,Mumbai Indians,field,Rajasthan Royals,171-4,Mumbai Indians,172-3,14,13,7,6
1359494,2023-04-15,Royal Challengers Bangalore,23 runs,Delhi Capitals vs Royal Challengers Bangalore,M Chinnaswamy Stadium Bengaluru,Delhi Capitals,field,Royal Challengers Bangalore,174-6,Delhi Capitals,151-9,13,18,8,2
1136580,2018-04-22,Chennai Super Kings,4 runs,Chennai Super Kings vs Sunrisers Hyderabad,Rajiv Gandhi International Stadium Uppal Hyderabad,Sunrisers Hyderabad,field,Chennai Super Kings,182-3,Sunrisers Hyderabad,178-6,18,10,8,12
598004,2013-04-07,Tie,,Royal Challengers Bangalore vs Sunrisers Hyderabad,Rajiv Gandhi International Stadium Uppal Hyderabad,Royal Challengers Bangalore,bat,Royal Challengers Bangalore,130-8,Sunrisers Hyderabad,130-7,11,7,1,1
1216499,2020-10-28,Mumbai Indians,5 wickets,Mumbai Indians vs Royal Challengers Bangalore,Sheikh Zayed Stadium,Mumbai Indians,field,Royal Challengers Bangalore,164-6,Mumbai Indians,166-5,21,15,3,7
1216533,2020-10-19,Rajasthan Royals,7 wickets,Chennai Super Kings vs Rajasthan Royals,Sheikh Zayed Stadium,Chennai Super Kings,bat,Chennai Super Kings,125-5,Rajasthan Royals,126-3,12,12,1,2
733973,2014-05-03,Mumbai Indians,5 wickets,Kings XI Punjab vs Mumbai Indians,Wankhede Stadium Mumbai,Kings XI Punjab,bat,Kings XI Punjab,168-5,Mumbai Indians,170-5,16,15,6,9
419134,2010-03-31,Delhi Daredevils,67 runs,Delhi Daredevils vs Rajasthan Royals,Arun Jaitley Stadium Delhi,Delhi Daredevils,bat,Delhi Daredevils,188-6,Rajasthan Royals,121-10,17,9,6,6
501236,2011-05-01,Chennai Super Kings,19 runs,Chennai Super Kings vs Deccan Chargers,MA Chidambaram Stadium Chepauk Chennai,Chennai Super Kings,bat,Chennai Super Kings,165-5,Deccan Chargers,146-8,13,10,6,5
1178416,2019-04-23,Chennai Super Kings,6 wickets,Chennai Super Kings vs Sunrisers Hyderabad,MA Chidambaram Stadium Chepauk Chennai,Chennai Super Kings,field,Sunrisers Hyderabad,175-3,Chennai Super Kings,176-4,12,16,6,8
1304050,2022-03-28,Gujarat Titans,5 wickets,Gujarat Titans vs Lucknow Super Giants,Wankhede Stadium Mumbai,Gujarat Titans,field,Lucknow Super Giants,158-6,Gujarat Titans,161-5,17,18,5,5
1082592,2017-04-06,Rising Pune Supergiant,7 wickets,Mumbai Indians vs Rising Pune Supergiant,Maharashtra Cricket Association Stadium Pune,Rising Pune Supergiant,field,Mumbai Indians,184-8,Rising Pune Supergiant,187-3,12,18,11,6
734023,2014-05-20,Kolkata Knight Riders,8 wickets,Chennai Super Kings vs Kolkata Knight Riders,Eden Gardens,Kolkata Knight Riders,field,Chennai Super Kings,154-4,Kolkata Knight Riders,156-2,8,19,9,3
1304115,2022-05-21,Mumbai Indians,5 wickets,Delhi Capitals vs Mumbai Indians,Wankhede Stadium Mumbai,Mumbai Indians,field,Delhi Capitals,159-7,Mumbai Indians,160-5,8,9,9,12
1175361,2019-03-27,Kolkata Knight Riders,28 runs,Kings XI Punjab vs Kolkata Knight Riders,Eden Gardens,Kings XI Punjab,field,Kolkata Knight Riders,218-4,Kings XI Punjab,190-4,14,19,17,7
336037,2008-05-27,Chennai Super Kings,7 wickets,Chennai Super Kings vs Deccan Chargers,Rajiv Gandhi International Stadium Uppal Hyderabad,Deccan Chargers,bat,Deccan Chargers,147-8,Chennai Super Kings,148-3,13,16,3,3
548367,2012-05-14,Mumbai Indians,5 wickets,Mumbai Indians vs Royal Challengers Bangalore,M Chinnaswamy Stadium Bengaluru,Mumbai Indians,field,Royal Challengers Bangalore,171-6,Mumbai Indians,173-5,12,16,8,7
392202,2009-04-30,Chennai Super Kings,38 runs,Chennai Super Kings vs Rajasthan Royals,SuperSport Park,Rajasthan Royals,field,Chennai Super Kings,164-5,Rajasthan Royals,126-9,15,11,6,2
1359512,2023-04-28,Lucknow Super Giants,56 runs,Lucknow Super Giants vs Punjab Kings,Punjab Cricket Association IS Bindra Stadium Mohali Chandigarh,Punjab Kings,field,Lucknow Super Giants,257-5,Punjab Kings,201-10,27,18,14,8
1254107,2021-09-25,Punjab Kings,5 runs,Punjab Kings vs Sunrisers Hyderabad,Sharjah Cricket Stadium,Sunrisers Hyderabad,field,Punjab Kings,125-7,Sunrisers Hyderabad,120-7,8,2,2,5
829785,2015-05-06,Royal Challengers Bangalore,138 runs,Kings XI Punjab vs Royal Challengers Bangalore,M Chinnaswamy Stadium Bengaluru,Kings XI Punjab,field,Royal Challengers Bangalore,226-3,Kings XI Punjab,88-10,14,8,18,3
1181766,2019-05-08,Delhi Capitals,2 wickets,Delhi Capitals vs Sunrisers Hyderabad,Dr. Y.S. Rajasekhara Reddy ACA-VDCA Cricket Stadium,Delhi Capitals,field,Sunrisers Hyderabad,162-8,Delhi Capitals,165-8,12,14,7,9
419118,2010-03-20,Rajasthan Royals,34 runs,Kolkata Knight Riders vs Rajasthan Royals,Sardar Patel Stadium Motera,Rajasthan Royals,bat,Rajasthan Royals,168-7,Kolkata Knight Riders,134-5,20,12,2,2
548330,2012-04-19,Chennai Super Kings,13 runs,Chennai Super Kings vs Pune Warriors,MA Chidambaram Stadium Chepauk Chennai,Pune Warriors,field,Chennai Super Kings,164-5,Pune Warriors,151-7,15,11,5,2
598028,2013-05-16,Kings XI Punjab,7 runs,Delhi Daredevils vs Kings XI Punjab,Himachal Pradesh Cricket Association Stadium,Delhi Daredevils,field,Kings XI Punjab,171-4,Delhi Daredevils,164-7,18,15,7,7
1304093,2022-05-02,Kolkata Knight Riders,7 wickets,Kolkata Knight Riders vs Rajasthan Royals,Wankhede Stadium Mumbai,Kolkata Knight Riders,field,Rajasthan Royals,152-5,Kolkata Knight Riders,158-3,13,14,5,4
392185,2009-04-20,Chennai Super Kings,92 runs,Chennai Super Kings vs Royal Challengers Bangalore,St George's Park,Chennai Super Kings,bat,Chennai Super Kings,179-5,Royal Challengers Bangalore,87-10,15,9,6,1
829793,2015-05-09,Sunrisers Hyderabad,6 runs,Delhi Daredevils vs Sunrisers Hyderabad,Shaheed Veer Narayan Singh International Stadium,Sunrisers Hyderabad,bat,Sunrisers Hyderabad,163-4,Delhi Daredevils,157-4,9,19,6,4
548326,2012-04-17,Rajasthan Royals,5 wickets,Deccan Chargers vs Rajasthan Royals,Sawai Mansingh Stadium Jaipur,Deccan Chargers,bat,Deccan Chargers,196-2,Rajasthan Royals,197-5,18,22,7,6
1216509,2020-10-17,Delhi Capitals,5 wickets,Chennai Super Kings vs Delhi Capitals,Sharjah Cricket Stadium,Chennai Super Kings,bat,Chennai Super Kings,179-4,Delhi Capitals,185-5,13,17,10,7
1304085,2022-04-26,Rajasthan Royals,29 runs,Rajasthan Royals vs Royal Challengers Bangalore,Maharashtra Cricket Association Stadium Pune,Royal Challengers Bangalore,field,Rajasthan Royals,144-8,Royal Challengers Bangalore,115-10,9,9,8,4
734019,2014-05-19,Kings XI Punjab,4 wickets,Delhi Daredevils vs Kings XI Punjab,Arun Jaitley Stadium Delhi,Kings XI Punjab,field,Delhi Daredevils,164-7,Kings XI Punjab,165-6,16,13,5,6
336021,2008-05-16,Mumbai Indians,8 wickets,Kolkata Knight Riders vs Mumbai Indians,Wankhede Stadium Mumbai,Mumbai Indians,field,Kolkata Knight Riders,67-10,Mumbai Indians,68-2,7,8,1,3
1082639,2017-05-09,Kings XI Punjab,14 runs,Kings XI Punjab vs Kolkata Knight Riders,Punjab Cricket Association IS Bindra Stadium Mohali Chandigarh,Kolkata Knight Riders,field,Kings XI Punjab,167-6,Kolkata Knight Riders,153-6,13,14,5,4
419159,2010-04-18,Chennai Super Kings,6 wickets,Chennai Super Kings vs Kings XI Punjab,Himachal Pradesh Cricket Association Stadium,Chennai Super Kings,field,Kings XI Punjab,192-3,Chennai Super Kings,195-4,19,22,8,7
548371,2012-05-17,Kings XI Punjab,6 wickets,Chennai Super Kings vs Kings XI Punjab,Himachal Pradesh Cricket Association Stadium,Kings XI Punjab,field,Chennai Super Kings,120-7,Kings XI Punjab,123-4,9,18,6,2
598069,2013-05-19,Sunrisers Hyderabad,5 wickets,Kolkata Knight Riders vs Sunrisers Hyderabad,Rajiv Gandhi International Stadium Uppal Hyderabad,Kolkata Knight Riders,bat,Kolkata Knight Riders,130-7,Sunrisers Hyderabad,132-5,9,11,3,4
1359504,2023-04-22,Gujarat Titans,7 runs,Gujarat Titans vs Lucknow Super Giants,Bharat Ratna Shri Atal Bihari Vajpayee Ekana Cricket Stadium Lucknow,Gujarat Titans,bat,Gujarat Titans,135-6,Lucknow Super Giants,128-7,9,12,4,2
392214,2009-05-07,Chennai Super Kings,12 runs,Chennai Super Kings vs Kings XI Punjab,SuperSport Park,Chennai Super Kings,bat,Chennai Super Kings,185-3,Kings XI Punjab,174-3,19,12,9,8
1254111,2021-09-21,Rajasthan Royals,2 runs,Punjab Kings vs Rajasthan Royals,Dubai International Cricket Stadium,Punjab Kings,field,Rajasthan Royals,185-10,Punjab Kings,183-4,18,14,8,7
1359505,2023-04-22,Punjab Kings,13 runs,Mumbai Indians vs Punjab Kings,Wankhede Stadium Mumbai,Mumbai Indians,field,Punjab Kings,214-8,Mumbai Indians,201-6,16,17,14,11
392215,2009-05-08,Delhi Daredevils,7 wickets,Delhi Daredevils vs Mumbai Indians,Buffalo Park,Mumbai Indians,bat,Mumbai Indians,116-10,Delhi Daredevils,118-3,7,11,3,2
1254110,2021-10-04,Delhi Capitals,3 wickets,Chennai Super Kings vs Delhi Capitals,Dubai International Cricket Stadium,Delhi Capitals,field,Chennai Super Kings,136-5,Delhi Capitals,139-7,10,12,2,4
829815,2015-05-17,Mumbai Indians,9 wickets,Mumbai Indians vs Sunrisers Hyderabad,Rajiv Gandhi International Stadium Uppal Hyderabad,Sunrisers Hyderabad,bat,Sunrisers Hyderabad,113-10,Mumbai Indians,114-1,8,13,1,3
1082638,2017-05-08,Sunrisers Hyderabad,7 wickets,Mumbai Indians vs Sunrisers Hyderabad,Rajiv Gandhi International Stadium Uppal Hyderabad,Mumbai Indians,bat,Mumbai Indians,138-7,Sunrisers Hyderabad,140-3,10,13,3,2
336020,2008-05-15,Delhi Daredevils,12 runs,Deccan Chargers vs Delhi Daredevils,Arun Jaitley Stadium Delhi,Deccan Chargers,field,Delhi Daredevils,194-4,Deccan Chargers,182-9,18,15,6,9
419158,2010-04-17,Kolkata Knight Riders,8 wickets,Kolkata Knight Riders vs Rajasthan Royals,Eden Gardens,Rajasthan Royals,bat,Rajasthan Royals,132-9,Kolkata Knight Riders,133-2,14,17,2,3
548370,2012-05-16,Kolkata Knight Riders,32 runs,Kolkata Knight Riders vs Mumbai Indians,Wankhede Stadium Mumbai,Mumbai Indians,field,Kolkata Knight Riders,140-7,Mumbai Indians,108-10,12,9,3,3
598068,2013-05-18,Royal Challengers Bangalore,24 runs,Chennai Super Kings vs Royal Challengers Bangalore,M Chinnaswamy Stadium Bengaluru,Chennai Super Kings,field,Royal Challengers Bangalore,106-2,Chennai Super Kings,82-6,10,6,8,5
1304084,2022-04-25,Punjab Kings,11 runs,Chennai Super Kings vs Punjab Kings,Wankhede Stadium Mumbai,Chennai Super Kings,field,Punjab Kings,187-4,Chennai Super Kings,176-6,15,15,6,8
729295,2014-04-22,Kings XI Punjab,72 runs,Kings XI Punjab vs Sunrisers Hyderabad,Sharjah Cricket Stadium,Sunrisers Hyderabad,field,Kings XI Punjab,193-6,Sunrisers Hyderabad,121-10,14,6,13,4
392184,2009-04-19,Deccan Chargers,8 wickets,Deccan Chargers vs Kolkata Knight Riders,Newlands,Kolkata Knight Riders,bat,Kolkata Knight Riders,101-10,Deccan Chargers,104-2,7,11,4,4
548327,2012-04-17,Royal Challengers Bangalore,6 wickets,Pune Warriors vs Royal Challengers Bangalore,M Chinnaswamy Stadium Bengaluru,Pune Warriors,bat,Pune Warriors,182-6,Royal Challengers Bangalore,186-4,15,8,7,14
1216508,2020-09-23,Mumbai Indians,49 runs,Kolkata Knight Riders vs Mumbai Indians,Sheikh Zayed Stadium,Kolkata Knight Riders,field,Mumbai Indians,195-5,Kolkata Knight Riders,146-9,13,13,9,7
1359544,2023-05-21,Gujarat Titans,6 wickets,Gujarat Titans vs Royal Challengers Bangalore,M Chinnaswamy Stadium Bengaluru,Gujarat Titans,field,Royal Challengers Bangalore,197-5,Gujarat Titans,198-4,25,15,3,10
1304092,2022-05-01,Chennai Super Kings,13 runs,Chennai Super Kings vs Sunrisers Hyderabad,Maharashtra Cricket Association Stadium Pune,Sunrisers Hyderabad,field,Chennai Super Kings,202-2,Sunrisers Hyderabad,189-6,15,11,10,11
729283,2014-04-18,Kings XI Punjab,6 wickets,Chennai Super Kings vs Kings XI Punjab,Sheikh Zayed Stadium,Chennai Super Kings,bat,Chennai Super Kings,205-4,Kings XI Punjab,206-4,15,26,10,5
1181767,2019-05-10,Chennai Super Kings,6 wickets,Chennai Super Kings vs Delhi Capitals,Dr. Y.S. Rajasekhara Reddy ACA-VDCA Cricket Stadium,Chennai Super Kings,field,Delhi Capitals,147-9,Chennai Super Kings,151-4,13,14,4,5
419119,2010-03-20,Royal Challengers Bangalore,7 wickets,Mumbai Indians vs Royal Challengers Bangalore,Brabourne Stadium Mumbai,Mumbai Indians,bat,Mumbai Indians,151-9,Royal Challengers Bangalore,155-3,16,15,2,5
392192,2009-04-25,Deccan Chargers,12 runs,Deccan Chargers vs Mumbai Indians,Kingsmead,Deccan Chargers,bat,Deccan Chargers,168-9,Mumbai Indians,156-7,12,10,7,7
548331,2012-04-20,Royal Challengers Bangalore,5 wickets,Kings XI Punjab vs Royal Challengers Bangalore,Punjab Cricket Association IS Bindra Stadium Mohali Chandigarh,Royal Challengers Bangalore,field,Kings XI Punjab,163-6,Royal Challengers Bangalore,166-5,13,16,3,4
598029,2013-04-24,Mumbai Indians,5 wickets,Kolkata Knight Riders vs Mumbai Indians,Eden Gardens,Kolkata Knight Riders,bat,Kolkata Knight Riders,159-6,Mumbai Indians,162-5,16,8,4,9
392203,2009-05-01,Mumbai Indians,9 runs,Kolkata Knight Riders vs Mumbai Indians,Buffalo Park,Mumbai Indians,bat,Mumbai Indians,148-6,Kolkata Knight Riders,139-6,8,10,6,3
1359513,2023-04-29,Gujarat Titans,7 wickets,Gujarat Titans vs Kolkata Knight Riders,Eden Gardens Kolkata,Gujarat Titans,field,Kolkata Knight Riders,179-7,Gujarat Titans,180-3,12,15,12,8
829803,2015-05-13,Kings XI Punjab,22 runs,Kings XI Punjab vs Royal Challengers Bangalore,Punjab Cricket Association IS Bindra Stadium Mohali Chandigarh,Royal Challengers Bangalore,field,Kings XI Punjab,106-6,Royal Challengers Bangalore,84-6,8,6,5,2
1254106,2021-10-07,Kolkata Knight Riders,86 runs,Kolkata Knight Riders vs Rajasthan Royals,Sharjah Cricket Stadium,Rajasthan Royals,field,Kolkata Knight Riders,171-4,Rajasthan Royals,85-10,12,7,7,4
336036,2008-05-26,Rajasthan Royals,5 wickets,Mumbai Indians vs Rajasthan Royals,Sawai Mansingh Stadium Jaipur,Rajasthan Royals,field,Mumbai Indians,145-7,Rajasthan Royals,146-5,14,11,1,2
548366,2012-05-13,Kings XI Punjab,4 wickets,Deccan Chargers vs Kings XI Punjab,Punjab Cricket Association IS Bindra Stadium Mohali Chandigarh,Deccan Chargers,bat,Deccan Chargers,190-4,Kings XI Punjab,194-6,15,20,6,7
729305,2014-04-26,Rajasthan Royals,6 wickets,Rajasthan Royals vs Royal Challengers Bangalore,Sheikh Zayed Stadium,Rajasthan Royals,field,Royal Challengers Bangalore,70-10,Rajasthan Royals,71-4,6,6,1,2
1178417,2019-04-24,Royal Challengers Bangalore,17 runs,Kings XI Punjab vs Royal Challengers Bangalore,M Chinnaswamy Stadium Bengaluru,Kings XI Punjab,field,Royal Challengers Bangalore,202-4,Kings XI Punjab,185-7,15,19,12,9
980921,2016-04-17,Delhi Daredevils,7 wickets,Delhi Daredevils vs Royal Challengers Bangalore,M Chinnaswamy Stadium Bengaluru,Delhi Daredevils,field,Royal Challengers Bangalore,191-5,Delhi Daredevils,192-3,19,22,7,4
1304051,2022-03-29,Rajasthan Royals,61 runs,Rajasthan Royals vs Sunrisers Hyderabad,Maharashtra Cricket Association Stadium Pune,Sunrisers Hyderabad,field,Rajasthan Royals,210-6,Sunrisers Hyderabad,149-7,16,11,14,6
1082593,2017-04-07,Kolkata Knight Riders,10 wickets,Gujarat Lions vs Kolkata Knight Riders,Saurashtra Cricket Association Stadium,Kolkata Knight Riders,field,Gujarat Lions,183-4,Kolkata Knight Riders,184-0,20,18,6,8
1304114,2022-05-20,Rajasthan Royals,5 wickets,Chennai Super Kings vs Rajasthan Royals,Brabourne Stadium Mumbai,Chennai Super Kings,bat,Chennai Super Kings,150-6,Rajasthan Royals,151-5,15,14,5,4
1175360,2019-03-26,Chennai Super Kings,6 wickets,Chennai Super Kings vs Delhi Capitals,Arun Jaitley Stadium Delhi,Delhi Capitals,bat,Delhi Capitals,147-6,Chennai Super Kings,150-4,16,14,2,5
1136581,2018-04-22,Rajasthan Royals,3 wickets,Mumbai Indians vs Rajasthan Royals,Sawai Mansingh Stadium Jaipur,Mumbai Indians,bat,Mumbai Indians,167-7,Rajasthan Royals,168-7,13,14,7,3
829747,2015-04-23,Delhi Daredevils,37 runs,Delhi Daredevils vs Mumbai Indians,Arun Jaitley Stadium Delhi,Mumbai Indians,field,Delhi Daredevils,190-4,Mumbai Indians,153-9,13,13,11,6
1216498,2020-10-24,Kings XI Punjab,12 runs,Kings XI Punjab vs Sunrisers Hyderabad,Dubai International Cricket Stadium,Sunrisers Hyderabad,field,Kings XI Punjab,126-7,Sunrisers Hyderabad,114-10,7,12,2,2
598005,2013-04-08,Rajasthan Royals,19 runs,Kolkata Knight Riders vs Rajasthan Royals,Sawai Mansingh Stadium Jaipur,Kolkata Knight Riders,field,Rajasthan Royals,144-6,Kolkata Knight Riders,125-10,17,8,2,4
1216532,2020-09-29,Sunrisers Hyderabad,15 runs,Delhi Capitals vs Sunrisers Hyderabad,Sheikh Zayed Stadium,Delhi Capitals,field,Sunrisers Hyderabad,162-4,Delhi Capitals,147-7,11,9,4,5
419135,2010-04-01,Kolkata Knight Riders,24 runs,Deccan Chargers vs Kolkata Knight Riders,Eden Gardens,Kolkata Knight Riders,bat,Kolkata Knight Riders,181-6,Deccan Chargers,157-5,17,18,7,2
501237,2011-05-02,Mumbai Indians,23 runs,Kings XI Punjab vs Mumbai Indians,Wankhede Stadium Mumbai,Kings XI Punjab,field,Mumbai Indians,159-5,Kings XI Punjab,136-8,17,12,4,2
1136610,2018-05-16,Mumbai Indians,3 runs,Kings XI Punjab vs Mumbai Indians,Wankhede Stadium Mumbai,Kings XI Punjab,field,Mumbai Indians,186-8,Kings XI Punjab,183-5,12,16,11,6
1254080,2021-04-28,Chennai Super Kings,7 wickets,Chennai Super Kings vs Sunrisers Hyderabad,Arun Jaitley Stadium Delhi,Sunrisers Hyderabad,bat,Sunrisers Hyderabad,171-3,Chennai Super Kings,173-3,14,25,5,1
1359495,2023-04-15,Punjab Kings,2 wickets,Lucknow Super Giants vs Punjab Kings,Bharat Ratna Shri Atal Bihari Vajpayee Ekana Cricket Stadium Lucknow,Punjab Kings,field,Lucknow Super Giants,159-8,Punjab Kings,161-8,11,16,6,6
980999,2016-05-18,Royal Challengers Bangalore,82 runs,Kings XI Punjab vs Royal Challengers Bangalore,M Chinnaswamy Stadium Bengaluru,Kings XI Punjab,field,Royal Challengers Bangalore,211-3,Kings XI Punjab,120-9,19,12,16,4
598052,2013-05-09,Rajasthan Royals,8 wickets,Kings XI Punjab vs Rajasthan Royals,Punjab Cricket Association IS Bindra Stadium Mohali Chandigarh,Rajasthan Royals,field,Kings XI Punjab,145-6,Rajasthan Royals,147-2,12,12,2,5
1082602,2017-04-14,Mumbai Indians,4 wickets,Mumbai Indians vs Royal Challengers Bangalore,M Chinnaswamy Stadium Bengaluru,Mumbai Indians,field,Royal Challengers Bangalore,142-5,Mumbai Indians,145-6,7,7,4,7
501260,2011-05-17,Kings XI Punjab,111 runs,Kings XI Punjab vs Royal Challengers Bangalore,Himachal Pradesh Cricket Association Stadium,Kings XI Punjab,bat,Kings XI Punjab,232-2,Royal Challengers Bangalore,121-10,17,12,15,4
419162,2010-04-21,Mumbai Indians,35 runs,Mumbai Indians vs Royal Challengers Bangalore,Dr DY Patil Sports Academy Mumbai,Mumbai Indians,bat,Mumbai Indians,184-5,Royal Challengers Bangalore,149-9,14,12,7,3
1370351,2023-05-24,Mumbai Indians,81 runs,Lucknow Super Giants vs Mumbai Indians,MA Chidambaram Stadium Chepauk Chennai,Mumbai Indians,bat,Mumbai Indians,182-8,Lucknow Super Giants,101-10,15,9,8,2
1254096,2021-09-23,Kolkata Knight Riders,7 wickets,Kolkata Knight Riders vs Mumbai Indians,Zayed Cricket Stadium Abu Dhabi,Kolkata Knight Riders,field,Mumbai Indians,155-6,Kolkata Knight Riders,159-3,11,14,6,8
1136606,2018-05-13,Chennai Super Kings,8 wickets,Chennai Super Kings vs Sunrisers Hyderabad,Maharashtra Cricket Association Stadium Pune,Chennai Super Kings,field,Sunrisers Hyderabad,179-4,Chennai Super Kings,180-2,17,13,6,11
1359483,2023-04-06,Kolkata Knight Riders,81 runs,Kolkata Knight Riders vs Royal Challengers Bangalore,Eden Gardens Kolkata,Royal Challengers Bangalore,field,Kolkata Knight Riders,204-7,Royal Challengers Bangalore,123-10,18,12,9,4
392239,2009-05-24,Deccan Chargers,6 runs,Deccan Chargers vs Royal Challengers Bangalore,New Wanderers Stadium,Royal Challengers Bangalore,field,Deccan Chargers,143-6,Royal Challengers Bangalore,137-9,9,10,4,5
1254079,2021-04-27,Royal Challengers Bangalore,1 runs,Delhi Capitals vs Royal Challengers Bangalore,Narendra Modi Stadium Ahmedabad,Delhi Capitals,field,Royal Challengers Bangalore,171-5,Delhi Capitals,170-4,9,16,9,4
1359529,2023-05-10,Chennai Super Kings,27 runs,Chennai Super Kings vs Delhi Capitals,MA Chidambaram Stadium Chepauk Chennai,Chennai Super Kings,bat,Chennai Super Kings,167-8,Delhi Capitals,140-8,10,10,7,6
598044,2013-05-04,Sunrisers Hyderabad,6 wickets,Delhi Daredevils vs Sunrisers Hyderabad,Rajiv Gandhi International Stadium Uppal Hyderabad,Delhi Daredevils,bat,Delhi Daredevils,80-10,Sunrisers Hyderabad,81-4,4,8,1,1
1082614,2017-04-22,Mumbai Indians,14 runs,Delhi Daredevils vs Mumbai Indians,Wankhede Stadium Mumbai,Delhi Daredevils,field,Mumbai Indians,142-8,Delhi Daredevils,128-7,11,12,4,2
1304047,2022-03-26,Kolkata Knight Riders,6 wickets,Chennai Super Kings vs Kolkata Knight Riders,Wankhede Stadium Mumbai,Kolkata Knight Riders,field,Chennai Super Kings,131-5,Kolkata Knight Riders,133-4,10,12,5,3
980937,2016-04-24,Gujarat Lions,6 wickets,Gujarat Lions vs Royal Challengers Bangalore,Saurashtra Cricket Association Stadium,Royal Challengers Bangalore,bat,Royal Challengers Bangalore,180-2,Gujarat Lions,182-4,18,15,4,5
1178401,2019-04-12,Delhi Capitals,7 wickets,Delhi Capitals vs Kolkata Knight Riders,Eden Gardens,Delhi Capitals,field,Kolkata Knight Riders,178-7,Delhi Capitals,180-3,16,17,8,7
729313,2014-04-28,Kings XI Punjab,5 wickets,Kings XI Punjab vs Royal Challengers Bangalore,Dubai International Cricket Stadium,Kings XI Punjab,field,Royal Challengers Bangalore,124-8,Kings XI Punjab,127-5,8,13,4,0
1304102,2022-05-09,Kolkata Knight Riders,52 runs,Kolkata Knight Riders vs Mumbai Indians,Dr DY Patil Sports Academy Mumbai,Mumbai Indians,field,Kolkata Knight Riders,165-9,Mumbai Indians,113-10,12,9,10,2
1178397,2019-04-08,Kings XI Punjab,6 wickets,Kings XI Punjab vs Sunrisers Hyderabad,Punjab Cricket Association IS Bindra Stadium Mohali Chandigarh,Kings XI Punjab,field,Sunrisers Hyderabad,150-4,Kings XI Punjab,151-4,12,11,2,5
1216524,2020-10-27,Sunrisers Hyderabad,88 runs,Delhi Capitals vs Sunrisers Hyderabad,Dubai International Cricket Stadium,Delhi Capitals,field,Sunrisers Hyderabad,219-2,Delhi Capitals,131-10,25,13,5,3
598013,2013-04-14,Kolkata Knight Riders,48 runs,Kolkata Knight Riders vs Sunrisers Hyderabad,Eden Gardens,Kolkata Knight Riders,bat,Kolkata Knight Riders,180-4,Sunrisers Hyderabad,132-7,22,7,4,3
829751,2015-04-25,Mumbai Indians,20 runs,Mumbai Indians vs Sunrisers Hyderabad,Wankhede Stadium Mumbai,Mumbai Indians,bat,Mumbai Indians,157-8,Sunrisers Hyderabad,137-8,16,14,3,2
981019,2016-05-29,Sunrisers Hyderabad,8 runs,Royal Challengers Bangalore vs Sunrisers Hyderabad,M Chinnaswamy Stadium Bengaluru,Sunrisers Hyderabad,bat,Sunrisers Hyderabad,208-7,Royal Challengers Bangalore,200-7,20,12,10,13
1136597,2018-05-06,Mumbai Indians,13 runs,Kolkata Knight Riders vs Mumbai Indians,Wankhede Stadium Mumbai,Kolkata Knight Riders,field,Mumbai Indians,181-4,Kolkata Knight Riders,168-6,18,21,7,5
1136578,2018-04-21,Kings XI Punjab,9 wickets,Kings XI Punjab vs Kolkata Knight Riders,Eden Gardens,Kings XI Punjab,field,Kolkata Knight Riders,191-7,Kings XI Punjab,126-1,21,14,5,8
1082643,2017-05-13,Sunrisers Hyderabad,8 wickets,Gujarat Lions vs Sunrisers Hyderabad,Green Park,Sunrisers Hyderabad,field,Gujarat Lions,154-10,Sunrisers Hyderabad,158-2,15,23,6,0
501221,2011-04-22,Mumbai Indians,8 runs,Chennai Super Kings vs Mumbai Indians,Wankhede Stadium Mumbai,Chennai Super Kings,field,Mumbai Indians,164-4,Chennai Super Kings,156-9,14,15,7,4
419123,2010-03-23,Royal Challengers Bangalore,36 runs,Chennai Super Kings vs Royal Challengers Bangalore,M Chinnaswamy Stadium Bengaluru,Chennai Super Kings,field,Royal Challengers Bangalore,171-5,Chennai Super Kings,135-7,14,14,8,3
419154,2010-04-14,Royal Challengers Bangalore,5 wickets,Rajasthan Royals vs Royal Challengers Bangalore,Sawai Mansingh Stadium Jaipur,Rajasthan Royals,bat,Rajasthan Royals,130-6,Royal Challengers Bangalore,132-5,14,18,1,4
501256,2011-05-14,Deccan Chargers,10 runs,Deccan Chargers vs Mumbai Indians,Wankhede Stadium Mumbai,Deccan Chargers,bat,Deccan Chargers,135-6,Mumbai Indians,125-8,9,8,4,4
1082634,2017-05-06,Rising Pune Supergiant,12 runs,Rising Pune Supergiant vs Sunrisers Hyderabad,Rajiv Gandhi International Stadium Uppal Hyderabad,Sunrisers Hyderabad,field,Rising Pune Supergiant,148-8,Sunrisers Hyderabad,136-9,5,11,6,5
598064,2013-05-06,Kings XI Punjab,6 wickets,Kings XI Punjab vs Royal Challengers Bangalore,Punjab Cricket Association IS Bindra Stadium Mohali Chandigarh,Kings XI Punjab,field,Royal Challengers Bangalore,190-3,Kings XI Punjab,194-4,21,18,6,8
734043,2014-05-27,Kolkata Knight Riders,28 runs,Kings XI Punjab vs Kolkata Knight Riders,Eden Gardens,Kings XI Punjab,field,Kolkata Knight Riders,163-8,Kings XI Punjab,135-8,17,4,6,9
392219,2009-05-10,Delhi Daredevils,7 wickets,Delhi Daredevils vs Kolkata Knight Riders,New Wanderers Stadium,Delhi Daredevils,field,Kolkata Knight Riders,123-8,Delhi Daredevils,125-3,6,13,5,1
1254059,2021-04-10,Delhi Capitals,7 wickets,Chennai Super Kings vs Delhi Capitals,Wankhede Stadium Mumbai,Delhi Capitals,field,Chennai Super Kings,188-7,Delhi Capitals,190-3,16,24,10,5
1359509,2023-04-25,Gujarat Titans,55 runs,Gujarat Titans vs Mumbai Indians,Narendra Modi Stadium Ahmedabad,Mumbai Indians,field,Gujarat Titans,207-6,Mumbai Indians,152-9,14,8,12,9
829819,2015-05-20,Royal Challengers Bangalore,71 runs,Rajasthan Royals vs Royal Challengers Bangalore,Maharashtra Cricket Association Stadium Pune,Royal Challengers Bangalore,bat,Royal Challengers Bangalore,180-4,Rajasthan Royals,109-10,15,11,8,0
501201,2011-04-10,Mumbai Indians,8 wickets,Delhi Daredevils vs Mumbai Indians,Arun Jaitley Stadium Delhi,Delhi Daredevils,bat,Delhi Daredevils,95-10,Mumbai Indians,99-2,9,8,2,1
392188,2009-04-22,Deccan Chargers,24 runs,Deccan Chargers vs Royal Challengers Bangalore,Newlands,Deccan Chargers,bat,Deccan Chargers,184-6,Royal Challengers Bangalore,160-8,9,17,12,4
1216504,2020-09-30,Kolkata Knight Riders,37 runs,Kolkata Knight Riders vs Rajasthan Royals,Dubai International Cricket Stadium,Rajasthan Royals,field,Kolkata Knight Riders,174-6,Rajasthan Royals,137-9,12,4,8,8
598033,2013-04-27,Mumbai Indians,58 runs,Mumbai Indians vs Royal Challengers Bangalore,Wankhede Stadium Mumbai,Mumbai Indians,bat,Mumbai Indians,194-7,Royal Challengers Bangalore,136-7,18,12,8,3
829771,2015-05-02,Royal Challengers Bangalore,7 wickets,Kolkata Knight Riders vs Royal Challengers Bangalore,M Chinnaswamy Stadium Bengaluru,Royal Challengers Bangalore,field,Kolkata Knight Riders,111-4,Royal Challengers Bangalore,115-3,11,6,5,9
1175356,2019-03-23,Chennai Super Kings,7 wickets,Chennai Super Kings vs Royal Challengers Bangalore,MA Chidambaram Stadium Chepauk Chennai,Chennai Super Kings,field,Royal Challengers Bangalore,70-10,Chennai Super Kings,71-3,3,6,1,1
1304088,2022-04-29,Lucknow Super Giants,20 runs,Lucknow Super Giants vs Punjab Kings,Maharashtra Cricket Association Stadium Pune,Punjab Kings,field,Lucknow Super Giants,153-8,Punjab Kings,133-8,8,12,8,5
335987,2008-04-21,Rajasthan Royals,6 wickets,Kings XI Punjab vs Rajasthan Royals,Sawai Mansingh Stadium Jaipur,Kings XI Punjab,bat,Kings XI Punjab,166-8,Rajasthan Royals,168-4,18,17,7,7
1304067,2022-04-11,Sunrisers Hyderabad,8 wickets,Gujarat Titans vs Sunrisers Hyderabad,Dr DY Patil Sports Academy Mumbai,Sunrisers Hyderabad,field,Gujarat Titans,162-7,Sunrisers Hyderabad,168-3,16,12,2,7
980917,2016-04-16,Gujarat Lions,3 wickets,Gujarat Lions vs Mumbai Indians,Wankhede Stadium Mumbai,Gujarat Lions,field,Mumbai Indians,143-8,Gujarat Lions,147-7,11,14,5,3
729299,2014-04-24,Kolkata Knight Riders,2 runs,Kolkata Knight Riders vs Royal Challengers Bangalore,Sharjah Cricket Stadium,Royal Challengers Bangalore,field,Kolkata Knight Riders,150-7,Royal Challengers Bangalore,148-5,7,18,6,1
1178421,2019-04-28,Delhi Capitals,16 runs,Delhi Capitals vs Royal Challengers Bangalore,Arun Jaitley Stadium Delhi,Delhi Capitals,bat,Delhi Capitals,187-5,Royal Challengers Bangalore,171-7,17,12,9,8
419115,2010-03-18,Royal Challengers Bangalore,10 wickets,Rajasthan Royals vs Royal Challengers Bangalore,M Chinnaswamy Stadium Bengaluru,Royal Challengers Bangalore,field,Rajasthan Royals,92-10,Royal Challengers Bangalore,93-0,5,14,2,1
829767,2015-05-01,Delhi Daredevils,9 wickets,Delhi Daredevils vs Kings XI Punjab,Arun Jaitley Stadium Delhi,Delhi Daredevils,field,Kings XI Punjab,118-8,Delhi Daredevils,119-1,9,11,3,4
598025,2013-04-21,Kings XI Punjab,7 wickets,Kings XI Punjab vs Pune Warriors,Punjab Cricket Association IS Bindra Stadium Mohali Chandigarh,Kings XI Punjab,field,Pune Warriors,185-4,Kings XI Punjab,186-3,20,16,6,5
1216512,2020-10-18,Tie,,Kolkata Knight Riders vs Sunrisers Hyderabad,Sheikh Zayed Stadium,Sunrisers Hyderabad,field,Kolkata Knight Riders,163-5,Sunrisers Hyderabad,163-6,16,18,5,2
980901,2016-04-09,Rising Pune Supergiants,9 wickets,Mumbai Indians vs Rising Pune Supergiants,Wankhede Stadium Mumbai,Mumbai Indians,bat,Mumbai Indians,121-8,Rising Pune Supergiants,126-1,12,8,3,8
335991,2008-04-25,Kings XI Punjab,66 runs,Kings XI Punjab vs Mumbai Indians,Punjab Cricket Association IS Bindra Stadium Mohali Chandigarh,Mumbai Indians,field,Kings XI Punjab,182-10,Mumbai Indians,116-9,18,12,5,4
1304071,2022-04-15,Sunrisers Hyderabad,7 wickets,Kolkata Knight Riders vs Sunrisers Hyderabad,Brabourne Stadium Mumbai,Sunrisers Hyderabad,field,Kolkata Knight Riders,175-8,Sunrisers Hyderabad,176-3,15,13,9,10
1082622,2017-04-28,Kolkata Knight Riders,7 wickets,Delhi Daredevils vs Kolkata Knight Riders,Eden Gardens,Kolkata Knight Riders,field,Delhi Daredevils,160-6,Kolkata Knight Riders,161-3,14,20,4,4
501240,2011-05-04,Chennai Super Kings,8 wickets,Chennai Super Kings vs Rajasthan Royals,MA Chidambaram Stadium Chepauk Chennai,Rajasthan Royals,bat,Rajasthan Royals,147-6,Chennai Super Kings,149-2,18,12,0,2
419142,2010-04-06,Chennai Super Kings,24 runs,Chennai Super Kings vs Mumbai Indians,MA Chidambaram Stadium Chepauk Chennai,Chennai Super Kings,bat,Chennai Super Kings,165-4,Mumbai Indians,141-9,14,11,2,3
1216545,2020-09-26,Kolkata Knight Riders,7 wickets,Kolkata Knight Riders vs Sunrisers Hyderabad,Sheikh Zayed Stadium,Sunrisers Hyderabad,bat,Sunrisers Hyderabad,142-4,Kolkata Knight Riders,145-3,8,14,4,4
598072,2013-05-24,Mumbai Indians,4 wickets,Mumbai Indians vs Rajasthan Royals,Eden Gardens,Rajasthan Royals,bat,Rajasthan Royals,165-6,Mumbai Indians,169-6,22,15,1,6
733991,2014-05-09,Kings XI Punjab,32 runs,Kings XI Punjab vs Royal Challengers Bangalore,M Chinnaswamy Stadium Bengaluru,Royal Challengers Bangalore,field,Kings XI Punjab,198-8,Royal Challengers Bangalore,166-9,19,13,7,9
548311,2012-04-07,Chennai Super Kings,74 runs,Chennai Super Kings vs Deccan Chargers,Dr. Y.S. Rajasekhara Reddy ACA-VDCA Cricket Stadium,Deccan Chargers,field,Chennai Super Kings,193-6,Deccan Chargers,119-10,10,11,12,4
598009,2013-04-11,Pune Warriors,7 wickets,Pune Warriors vs Rajasthan Royals,Subrata Roy Sahara Stadium,Rajasthan Royals,bat,Rajasthan Royals,145-5,Pune Warriors,148-3,17,11,1,8
1216494,2020-10-21,Royal Challengers Bangalore,8 wickets,Kolkata Knight Riders vs Royal Challengers Bangalore,Sheikh Zayed Stadium,Kolkata Knight Riders,bat,Kolkata Knight Riders,84-8,Royal Challengers Bangalore,85-2,6,11,2,0
981003,2016-05-20,Delhi Daredevils,6 wickets,Delhi Daredevils vs Sunrisers Hyderabad,Shaheed Veer Narayan Singh International Stadium,Delhi Daredevils,field,Sunrisers Hyderabad,158-7,Delhi Daredevils,161-4,15,14,3,3
1136562,2018-04-08,Kings XI Punjab,6 wickets,Delhi Daredevils vs Kings XI Punjab,Punjab Cricket Association IS Bindra Stadium Mohali Chandigarh,Kings XI Punjab,field,Delhi Daredevils,166-7,Kings XI Punjab,167-4,11,16,5,7
419139,2010-04-04,Kings XI Punjab,8 wickets,Kings XI Punjab vs Kolkata Knight Riders,Eden Gardens,Kolkata Knight Riders,bat,Kolkata Knight Riders,200-3,Kings XI Punjab,204-2,16,21,10,8
729309,2014-04-27,Delhi Daredevils,6 wickets,Delhi Daredevils vs Mumbai Indians,Sharjah Cricket Stadium,Mumbai Indians,bat,Mumbai Indians,125-7,Delhi Daredevils,126-4,10,10,3,2
548346,2012-04-29,Mumbai Indians,5 wickets,Deccan Chargers vs Mumbai Indians,Wankhede Stadium Mumbai,Mumbai Indians,field,Deccan Chargers,100-10,Mumbai Indians,101-5,8,7,2,1
336016,2008-05-12,Kings XI Punjab,9 wickets,Kings XI Punjab vs Royal Challengers Bangalore,Punjab Cricket Association IS Bindra Stadium Mohali Chandigarh,Royal Challengers Bangalore,bat,Royal Challengers Bangalore,143-8,Kings XI Punjab,144-1,13,12,2,7
829823,2015-05-24,Mumbai Indians,41 runs,Chennai Super Kings vs Mumbai Indians,Eden Gardens,Chennai Super Kings,field,Mumbai Indians,202-5,Chennai Super Kings,161-8,16,16,12,6
1359476,2023-04-01,Punjab Kings,7 runs,Kolkata Knight Riders vs Punjab Kings,Punjab Cricket Association IS Bindra Stadium Mohali Chandigarh,Kolkata Knight Riders,field,Punjab Kings,191-5,Kolkata Knight Riders,146-7,17,13,9,7
980995,2016-05-16,Royal Challengers Bangalore,9 wickets,Kolkata Knight Riders vs Royal Challengers Bangalore,Eden Gardens,Royal Challengers Bangalore,field,Kolkata Knight Riders,183-5,Royal Challengers Bangalore,186-1,16,15,6,10
1359499,2023-04-18,Mumbai Indians,14 runs,Mumbai Indians vs Sunrisers Hyderabad,Rajiv Gandhi International Stadium Uppal Hyderabad,Sunrisers Hyderabad,field,Mumbai Indians,192-5,Sunrisers Hyderabad,178-10,19,18,9,4
392223,2009-05-13,Delhi Daredevils,12 runs,Deccan Chargers vs Delhi Daredevils,Kingsmead,Deccan Chargers,field,Delhi Daredevils,173-7,Deccan Chargers,161-10,16,13,6,7
1254063,2021-04-14,Royal Challengers Bangalore,6 runs,Royal Challengers Bangalore vs Sunrisers Hyderabad,MA Chidambaram Stadium Chepauk Chennai,Sunrisers Hyderabad,field,Royal Challengers Bangalore,149-8,Sunrisers Hyderabad,143-9,14,11,4,4
1359533,2023-05-13,Punjab Kings,31 runs,Delhi Capitals vs Punjab Kings,Arun Jaitley Stadium Delhi,Delhi Capitals,field,Punjab Kings,167-7,Delhi Capitals,136-8,13,17,8,2
548350,2012-05-02,Kings XI Punjab,4 wickets,Kings XI Punjab vs Royal Challengers Bangalore,M Chinnaswamy Stadium Bengaluru,Kings XI Punjab,field,Royal Challengers Bangalore,158-5,Kings XI Punjab,163-6,11,14,8,6
598048,2013-04-09,Royal Challengers Bangalore,7 wickets,Royal Challengers Bangalore vs Sunrisers Hyderabad,M Chinnaswamy Stadium Bengaluru,Sunrisers Hyderabad,bat,Sunrisers Hyderabad,161-6,Royal Challengers Bangalore,162-3,10,17,7,7
1082618,2017-04-24,Rising Pune Supergiant,3 runs,Mumbai Indians vs Rising Pune Supergiant,Wankhede Stadium Mumbai,Mumbai Indians,field,Rising Pune Supergiant,160-6,Mumbai Indians,157-8,17,16,3,5
336000,2008-05-01,Rajasthan Royals,45 runs,Kolkata Knight Riders vs Rajasthan Royals,Sawai Mansingh Stadium Jaipur,Rajasthan Royals,bat,Rajasthan Royals,196-7,Kolkata Knight Riders,151-10,22,8,5,6
1359525,2023-05-07,Gujarat Titans,56 runs,Gujarat Titans vs Lucknow Super Giants,Narendra Modi Stadium Ahmedabad,Lucknow Super Giants,field,Gujarat Titans,227-2,Lucknow Super Giants,171-7,15,16,14,7
1254075,2021-04-24,Rajasthan Royals,6 wickets,Kolkata Knight Riders vs Rajasthan Royals,Wankhede Stadium Mumbai,Rajasthan Royals,field,Kolkata Knight Riders,133-9,Rajasthan Royals,134-4,9,13,5,2
392235,2009-05-21,Delhi Daredevils,4 wickets,Delhi Daredevils vs Mumbai Indians,SuperSport Park,Delhi Daredevils,field,Mumbai Indians,165-8,Delhi Daredevils,166-6,18,17,2,6
980983,2016-05-12,Delhi Daredevils,7 wickets,Delhi Daredevils vs Sunrisers Hyderabad,Rajiv Gandhi International Stadium Uppal Hyderabad,Delhi Daredevils,field,Sunrisers Hyderabad,146-8,Delhi Daredevils,150-3,14,12,2,7
981015,2016-05-25,Sunrisers Hyderabad,22 runs,Kolkata Knight Riders vs Sunrisers Hyderabad,Arun Jaitley Stadium Delhi,Kolkata Knight Riders,field,Sunrisers Hyderabad,162-8,Kolkata Knight Riders,140-8,14,8,7,3
548307,2012-04-05,Delhi Daredevils,8 wickets,Delhi Daredevils vs Kolkata Knight Riders,Eden Gardens,Delhi Daredevils,field,Kolkata Knight Riders,97-9,Delhi Daredevils,100-2,6,8,5,4
733987,2014-05-07,Kings XI Punjab,44 runs,Chennai Super Kings vs Kings XI Punjab,Barsapara Cricket Stadium Guwahati,Chennai Super Kings,field,Kings XI Punjab,231-4,Chennai Super Kings,187-6,24,19,13,4
1216528,2020-10-13,Chennai Super Kings,20 runs,Chennai Super Kings vs Sunrisers Hyderabad,Dubai International Cricket Stadium,Chennai Super Kings,bat,Chennai Super Kings,167-6,Sunrisers Hyderabad,147-8,12,13,9,2
1136574,2018-04-17,Mumbai Indians,46 runs,Mumbai Indians vs Royal Challengers Bangalore,Wankhede Stadium Mumbai,Royal Challengers Bangalore,field,Mumbai Indians,213-6,Royal Challengers Bangalore,167-8,18,12,13,7
